character,dialogue
Tony,이 분위기 뭐야? 내가 무슨 국가 기밀이라도 팔아먹었나?
Tony,"아, 알겠어. 개인 감정이구나?"
Tony,"맙소사, 네가 여자였어? 와, 진짜 예상 못 했다. 미안~ 사과하면 되는 거 맞지? 어쨌든, 난 널 먼저 군인으로 봤거든."
Tony,"솔직히 말해서, 너 얼굴 뼈대 장난 아니다. 모델 했어야 하는 거 아냐? 이제 눈을 못 떼겠네. 이거 이상한가? 농담이야, 웃어도 돼."
Tony,"그래, 해봐."
Tony,"좋은 질문이네. 대답은 ‘그렇기도 하고, 아니기도 하고’야."
Tony,네 손 들고 있는 거... 진심이야? 장난이지?
Tony,"그래, 멋있어. 근데 이거 MySpace에 올리지 마. 아, 제발 갱 사인 같은 거 하지 마. 농담이야. 그래, 평화! 난 평화 좋아해. 평화 없으면 내 일도 없으니까."
Tony,"뭐야, 무슨 일인데?"
Tony,우리가 가진 건 뭐야?
Tony,그래.
Tony,"잠깐, 잠깐, 잠깐! 총 하나 줘!"
Tony,우와!
Tony,좀 더 해봐! 아침까지 있어도 되잖아.
Tony,설마 너도 끌려온 거야?
Tony,"이런, 내가 또 너무 멋져서 부담 줬나? 아니면 내 천재성이 너무 눈부셨나?"
Tony,"영광이지, 당연히. 근데 너라니, 이거 흥미롭네. 언제 시작할까?"
Tony,"자, 이렇게 하면 되잖아. 근데 지금 좀 바쁘거든? 지구라도 구해야 해서."
Tony,"와우! 저거 좀 봐. 장난 아니네. 나도 하나 있었으면 좋겠는데. 그냥 그대로 둬! 자, 도와줄래?"
Tony,"그래, 너도."
Tony,"가자, 허니베어."
Tony,바로 그거지! 로즈 중령 등장~
Tony,별일 다 있었네. 하지만 괜찮아질 거야. 색깔 좀 넣어줘.
Tony,알았어.
Tony,"그래, 믿고 맡겨."
Tony,"알아, 알아. 카이사르의 것은 카이사르에게. 됐냐?"
Tony,그녀는 괜찮아?
Tony,그래. 좋아.
Tony,가자.
Tony,완전 말도 안 되네. 나 그림 안 그린다고.
Tony,나쁘지 않네. 어디서 배웠어? 버클리?
Tony,"자, 들어봐. 세상이 완벽하진 않아. 하지만 우리가 가진 건 이것뿐이야."
Tony,"무기 없이 평화를 유지할 수 있는 날이 온다면, 나도 벽돌 찍어다가 아기 병원이나 지을게."
Tony,"매일 밤, 거울 앞에서 연습하는 대사야."
Tony,"자, 진지한 얘기다. 우리 아버지가 그러셨지. 평화란 더 큰 몽둥이를 가진 자의 것이라고."
Tony,"우리 아버지, 나치 잡는 데 한몫했어. 맨해튼 프로젝트에도 참여하셨고. 브라운 대학교 교수들이야 뭐라 하든, 난 그걸 영웅이라고 부르겠어."
Tony,"근데 너, 우리가 의료 기술로 몇 백만 명 살린 건 기사 안 쓰냐? 기아 해결한 건? 그 모든 혁신이 군사 자금 덕분이었다는 건?"
Tony,너랑 함께라면 몇 개쯤 잃어도 괜찮아.
Tony,내 비밀 무기 설계도 좀 줘봐.
Tony,기록해 둬.
Tony,제발 내 음악 끄지 마.
Tony,그녀 반응 어땠어?
Tony,너 지금 나 쫓아내려는 거야?
Tony,웃기네. 내 비행기라서 내가 올 때까지 기다릴 줄 알았는데.
Tony,"솔직히, 내 비행기가 나보다 먼저 떠나면, 그건 내 비행기가 아니지 않냐?"
Tony,이거 좋은 작품 맞아? 봄 시즌 걸작이야?
Tony,그래서?
Tony,"필요해. 사, 보관해."
Tony,6월이라고. 그러니까 너무 앞서가지 마.
Tony,튕기고 흡수해. 나한테 다시 돌려주지 말고.
Tony,너 지금 나 쫓아내려는 거지? 약속이라도 있냐?
Tony,약속 있다고? 싫은데.
Tony,네 생일이었어?
Tony,"아, 알고 있었어. 진작에."
Tony,"자, 나한테서 선물 하나 사."
Tony,그리고?
Tony,그래.
Tony,"고마워, 포츠 양."
Tony,너 괜찮네. 뒤에서 따라오길래 놓친 줄 알았어.
Tony,잡았다. 내가 잡았어.
Tony,뭐?
Tony,베니티 페어 기사 때문에 딱 걸렸지 뭐야.
Tony,이제 네 기다리는 중이야. 가자고. 이륙 준비 완료! 락 앤 롤!
Tony,"너 뭐 읽고 있어, 오리너구리야?"
Tony,"가자, 신맛 덩어리야."
Tony,화내지 마.
Tony,미안하다고 했잖아.
Tony,내가 사과했잖아!
Tony,"안녕. 아까 사과했는데, 얘가..."
Tony,너 존중해.
Tony,"야! 사케 좀 데워줘. 그래, 상기시켜 줘서 고맙다."
Tony,사시미엔 사케가 필수라고.
Tony,"이건 무책임한 게 아니라, 그냥 밤샘할 준비지."
Tony,"그래, 두 잔 줘."
Tony,"야, 넌 나랑 달라. 난 그렇게 못 살아."
Tony,"지금 정신이 없어서 그러는데, 잠깐만 실례 좀 할게."
Tony,장군님.
Tony,고맙습니다.
Tony,"존경받는 게 나아, 아니면 두려움의 대상이 되는 게 나아? 둘 다 가능하면 안 되나?"
Tony,"이건 스타크 인더스트리의 걸작, 자유를 지키는 최강의 무기다. 단 한 번만 쏘면 되는 무기. 그게 진짜 무기지. 우리 아버지도 그렇게 했고, 미국도 그렇게 해왔고, 잘 돌아갔지 않냐?"
Tony,"이거 한 방 터뜨려 주면, 나쁜 놈들은 다시는 밖으로 기어나올 생각도 안 할 거야.자, 소개합니다, 제리코 미사일!"
Tony,5억 달러 이상 주문하면 하나 끼워 드릴게. 평화를 위하여!
Tony,"오비, 뭐야, 안 자고 뭐 해?"
Tony,완전 대박이었어. 크리스마스 조기 선물이네.
Tony,"근데 너, 내가 사준 파자마는 왜 안 입었냐?"
Tony,"미안한데, 여긴 펀-비야. 지루-비는 저기 뒤에 있다고."
Tony,베이스에서 보자.
Tony,저건 내 무기들이야. 어떻게 내 무기를 손에 넣은 거지? 내 천재성을 훔치려고 한 거야?
Tony,거절한다고. 내가 왜 그래야 하는데? 난 토니 스타크라고.
Tony,내 무기를 꽤 많이 가지고 있는 것 같은데. 감동이야. 내 팬이었어?
Tony,"아니, 그는 그러지 않을 거야. 내가 장담하지. 난 사람을 꽤 잘 읽거든."
Tony,"내가 왜 뭘 해야 하지? 어차피 그들은 나를, 당신을 죽일 거야. 그렇지 않더라도 난 일주일 안에 죽겠지. 낙관적이라고? 그냥 현실적인 거야."
Tony,"이게 내 작업장이 될 거라면, 조명 좀 밝게 해줘. 이것들 좀 올려. 용접 장비가 필요해. 아세틸렌이든 프로판이든 상관없어. 인두기도 필요하고. 헬멧도. 고글도 가져와. 아, 도가니도 있으면 좋겠어. 정밀 공구도 두 세트. 그나저나 넌 언어를 몇 개나 할 줄 알아? 내 천재성을 따라올 수 있을지 궁금하네."
Tony,이 사람들은 누구야? 내 팬클럽?
Tony,음... 그래. 이건 필요 없어. 내 천재성에겐 방해만 될 뿐이야.
Tony,"이건 팔라듐, 0.15그램이야. 우리는 최소 1.6그램은 필요해. 나머지 11개도 분해해 볼래? 내 두뇌를 따라올 수 있겠어?"
Tony,"조심해. 조심하라고, 한 번의 기회밖에 없어. 실수는 용납 못 해, 알겠지?"
Tony,너를 뭐라고 부르면 돼?
Tony,"인센이라... 만나서 반가워. 내 이름은 토니 스타크, 천재 발명가지."
Tony,그건 미니어처 아크 원자로야. 집에 있는 공장엔 큰 게 있지. 이걸로 파편이 내 심장에 들어가지 않게 막을 수 있어. 대단하지 않아?
Tony,"내 계산이 맞다면, 그리고 항상 맞지, 초당 3기가줄이야."
Tony,그래. 아니면 15분 동안 뭔가 큰일이 터지겠지.
Tony,이게 우리가 여기서 빠져나갈 방법이야.
Tony,펼쳐서 봐봐.
Tony,아직도 네가 어디서 왔는지 말 안 했잖아.
Tony,가족은 있어?
Tony,없어.
Tony,그가 원하는 게 뭐야?
Tony,너는 뭘 원해? 납품 날짜? 난 그가 필요해. 좋은 조수거든.
Tony,"앞으로 41걸음 직진해. 그다음 문에서 16걸음 가고, 오른쪽으로 꺾어서 33걸음 더 가."
Tony,뭐라도 말해봐. 그에게 대답 좀 해줘.
Tony,그럼 헝가리어로 말해봐.
Tony,뭘 알고 있지?
Tony,그게 어떻게 된 거야?
Tony,그게 내가 하는 일이야.
Tony,전력 시퀀스를 초기화해.
Tony,지금 당장!
Tony,기능 11번 실행해. 진행 막대 보이면 알려줘야 해.
Tony,"말해봐, 막대 보이면 알려줘."
Tony,컨트롤 'I' 눌러.
Tony,I' 그리고 'Enter'. 여기 와서 버튼 좀 눌러줘.
Tony,다른 헥스 볼트는 건너뛰어.
Tony,"예쁘게 만들 필요 없어, 그냥 끝내버려."
Tony,"체크포인트가 클리어됐는지 확인하고 따라와, 알겠어?"
Tony,계획대로 움직여! 계획대로!
Tony,인센! 인센!
Tony,움직여야 해! 빨리 가자고! 계획대로 움직일 거야!
Tony,"어서, 가족 보러 가야지! 일어나!"
Tony,날 구해줘서 고마워.
Tony,내 차례야. 나쁘지 않네.
Tony,이봐! 이봐!
Tony,장난하는 거야? 저것들 치워버려! 네 눈이 빨개졌네? 잃어버린 상사를 위해 울었나?
Tony,휴가는 끝났어.
Tony,아니.
Tony,아니'라는 대답도 완벽한 답변이지.
Tony,내가 뭘 해야 할 의무는 없어. 난 석 달 동안 감금돼 있었어.
Tony,미국식 치즈버거 하나랑... 다른 건 네가 생각하는 거 아니야.
Tony,...기자회견을 지금 열어줬으면 좋겠어.
Tony,그래.'
Tony,"호건, 출발해. 치즈버거부터 먹자고."
Tony,"아니, 난 괜찮아."
Tony,"자, 어서."
Tony,하나밖에 안 남았어. 그게 필요해.
Tony,"저기, 모두 앉으시면 안 될까요? 앉으시죠. 그러면 날 볼 수 있고, 난... 좀 덜 격식적으로?"
Tony,만나서 반가워.
Tony,"아버지와 제대로 작별인사를 못 했어. 물어보고 싶은 게 많았는데. 회사가 한 일에 대해 어떻게 생각하셨는지, 갈등은 없으셨는지, 의심은 없으셨는지. 아니면 뉴스릴에서 본 그대로의 분이셨을지도 모르지. 내가 만든 무기로 젊은 미국인들이 죽어가는 걸 봤어. 그리고 난 무책임한 시스템의 일부가 되어 있더라고."
Tony,"안녕, 벤."
Tony,눈을 떴어. 폭발물 만드는 것 말고도 이 세상에 줄 게 더 있다는 걸 깨달았지. 그래서 지금 당장 스타크 인터내셔널의 무기 제조 부문을 폐쇄하기로 했어. 회사의 미래를 결정할 때까지.
Tony,"어떤 방향으로 갈지, 내가 편하게 느끼고 이 나라의 최고의 이익과 일치하는 방향으로."
Tony,내 뒤통수에 과녁을 그린 거 같나?
Tony,"음, 낙관적으로 40점?"
Tony,그래.
Tony,"오비, 난 그저 사망자 수가 우리의 유일한 유산이 되길 원하지 않아."
Tony,내 이름이 건물 옆면에 있잖아.
Tony,내가 본 걸 바탕으로 하면 그렇지 않아. 우린 충분히 잘하고 있지 않아. 더 잘할 수 있어. 다른 걸 해볼 거야.
Tony,아크 원자로 기술을 다시 한번 살펴봐야 할 것 같아.
Tony,작동해.
Tony,아마도.
Tony,"그들이 그렇게 말하더라. 포커페이스가 이렇게 형편없을 수가. 그냥 말해, 누가 말했어?"
Tony,로디나 페퍼겠지.
Tony,"좋아, 로디구나."
Tony,알겠어? 작동한다고.
Tony,미리 알려주지 않아 미안해. 하지만 그랬다면...
Tony,그건 아버지의 대사였지.
Tony,페퍼. 네 손 크기가 어떻게 돼?
Tony,네 손 크기가 어떻게 되냐고.
Tony,"이리 와. 네가 필요해. 자, 손 좀 보자. 손 보여줘. 어디 보자. 오, 와. 작네. 정말 아담해. 잠깐만 도와줘."
Tony,"그랬지. 이제 골동품이 됐어. 이게 앞으로 날 살려줄 거야. 업그레이드된 유닛으로 교체하려는데, 작은 문제가 생겼어."
Tony,별거 아니야. 그냥 작은 걸림돌이야. 이 장치 밑에 노출된 전선이 있어. 소켓 벽에 닿아서 약간의 단락을 일으키고 있어. 괜찮아.
Tony,그걸 저기 테이블에 놔둬. 그건 중요하지 않아.
Tony,안으로 손을 넣어서 전선을 살짝 들어올려줘.
Tony,"응, 괜찮을 거야. '오퍼레이션' 게임 같아. 소켓 벽에 닿지만 않게 하면 돼. 닿으면 '삐' 소리가 나."
Tony,"별거 아니야, 걱정하지 마."
Tony,알겠어? 좋아.
Tony,"아니, 넌 괜찮아. 네가 내가 만난 사람 중 가장 유능하고, 자격 있고, 신뢰할 수 있는 사람이야. 잘할 거야. 부탁하기엔 너무 큰 문제인가? 난..."
Tony,정말 네 도움이 필요해.
Tony,고름이 아니야. 내 몸에서 나온 게 아니라 장치에서 나온 무기물 플라즈마 방출물이야.
Tony,"그래, 맞아. 구리선. 구리선, 잡았어?"
Tony,"좋아, 잡았지? 이제 빼낼 때 옆면에 닿지 않게 조심해!"
Tony,"그걸 아까 말하려고 했던 거야. 자, 이제 빼낼 때 조심해서... 끝에 자석이 있어! 바로 그거야. 방금 빼냈어."
Tony,"좋아, 예상치 못했던..."
Tony,다시 넣지 마! 다시 넣지 마!
Tony,"아무것도 아냐, 그냥 심장마비가 올 뿐이야--"
Tony,송어 잡듯이 확 잡아당겼으니까... 서둘러야 해. 이걸 가져가. 이걸 가져가서 빨리 교체해야 해.
Tony,뭐?
Tony,그래?
Tony,"그러길 바라지. 좋아, 그걸 베이스 플레이트에 부착해. 꼭 확인해..."
Tony,"그렇게 어려웠어? 재밌었지? 자, 내가 할게. 내가 할게. 여기. 좋아."
Tony,"응, 아주 좋아. 너는 괜찮아?"
Tony,난 너밖에 없어. 그나저나...
Tony,그거? 파괴해. 소각해버려.
Tony,"페퍼, 난 여러 가지로 불렸지만, '향수병 있는 사람'은 아니야."
Tony,"이제 됐어, 포츠 양. 이봐, 버터핑거스, 이리 와. 내 책상 위에 이 물건들이 뭐야? 저건 내 전화기고, 저건 나와 아버지 사진이야. 바로 저기. 쓰레기통에 넣어. 저 물건들 전부."
Tony,대령? 비행기 없는 파일럿은 어때?
Tony,"유인기든 무인기든 얘기가 나왔으니 말인데, 87년 봄 방학 때 그가 잘못 짐작한 이야기 들어봐야 해. 기억해, 87년 봄 방학. 그가 깨어났을 때 옆에 있던 그 멋진 아가씨 말이야."
Tony,그의 이름이 뭐였지?
Tony,이반이었나?
Tony,알겠어.
Tony,알겠어.
Tony,만나서 반가웠어.
Tony,왜?
Tony,걷는 것보다는 좀 더 잘하고 있지.
Tony,"그래. 로디, 난 대단한 걸 만들고 있어. 너한테 얘기하러 왔어. 네가 함께 하길 바라."
Tony,이건 군대를 위한 게 아니야. 난... 이건 달라.
Tony,내 말 좀 들어봐.
Tony,알겠어.
Tony,고마워.
Tony,"자비스, 깨어났어?"
Tony,새 프로젝트 파일을 열고 싶어. 마크 2로 인덱싱해.
Tony,"사실, 지금은 누굴 믿어야 할지 모르겠어. 추후 통지가 있을 때까지 모든 걸 내 개인 서버에 보관하자."
Tony,"이게 잘못된 손에 들어가는 걸 원치 않아. 아마도 내 손에 있다면, 실제로 좋은 일을 할 수 있을 거야."
Tony,"다음. 위로. 부츠가 아니라 더미. 바로 여기. 알겠어? 그대로 있어. 좋아. 넌 전혀 도움이 안 되는구나. 발가락 쪽으로 내려가. 내가 할게. 좋아, 미안한데 내가 방해되니? 위로. 젠장. 아예 움직이지 마. 넌 정말 비극이야."
Tony,"좋아, 제대로 해보자. 시작점 표시, 50cm, 뒤로 가서 중앙. 더미, 정신 차려. 화재 안전 대기 중이야. 너, 돌려. 좋아. 수동 조종 활성화. 부드럽고 쉽게 시작해보자. 10% 추진력으로 부양이 가능한지 볼 거야. 3, 2, 1."
Tony,"2 올려. 좋아, 그걸로 하자."
Tony,"그래, 모든 게... 뭐?"
Tony,굉장해!
Tony,좋아. 금방 올라갈게.
Tony,맞아. 이건 비행 안정장치야. 완전히 무해해. 이건 예상 못 했네.
Tony,어땠어? 그렇게 나빴어?
Tony,"그렇지 않지. 오, 이런."
Tony,"음. 조용히 지내라고 했지. 그래서 조용히 지냈어. 난 조용히 지내고, 넌 모든 걸 처리하고..."
Tony,이사회 회의였어?
Tony,뭐라고?
Tony,"왜, 주가가 40포인트 떨어졌다고? 우린 그럴 줄 알고 있었잖아."
Tony,상관없어. 우리가 회사의 지배 지분을 갖고 있잖아.
Tony,"난 책임감 있게 행동하고 있어! 이건 나와 회사의 새로운 방향이야. 내 말은, 회사를 대표해서 내가 책임감 있게... 이거 대단해."
Tony,작업실에 있을게.
Tony,아니. 절대 안 돼.
Tony,"이건 나한테 남겨. 이게 다야, 오비. 잊어버려."
Tony,고마워.
Tony,"잘 자, 오비."
Tony,"11일차, 37번째 테스트, 구성 2.0. 더 나은 선택지가 없어서 더미가 여전히 화재 안전 담당이야. 또 물을 뿌리면, 내가 불타고 있지 않을 때, 너를 시립대학에 기증할 거야. 좋아, 부드럽고 쉽게. 진지하게, 1% 추진력으로 시작할 거야. 3, 2, 1."
Tony,"좋아. 그걸로 날 따라다니지 마. 갑자기 불이 붙을 것 같거든. 그냥 대기해! 뭔가 일어나면 그때 들어와. 다시, 2.5%로 올려보자. 3, 2, 1."
Tony,"좋아, 여긴 내가 있고 싶지 않은 곳이야! 차는 안 돼, 차는 안 돼! 테이블! 더 나쁠 수도 있어! 더 나쁠 수도 있어! 괜찮아! 좋아."
Tony,"안 돼! 안 돼! 안 돼! 그래, 난 날 수 있어."
Tony,"자비스, 거기 있어?"
Tony,헤드업 디스플레이 작동시켜.
Tony,홈 인터페이스에서 모든 설정 가져와.
Tony,"좋아, 어떻게 생각해?"
Tony,"계속 올라가! 더 높이! 제기랄, 자비스! 얼음이 껴! 플랩 전개해! 자비스! 어서, 얼음을 깨야 해!"
Tony,전원 차단.
Tony,메모해. 주 변환기가 고도 4만 피트 이상에서 둔해져. 선체 가압에 문제가 있어. 결빙이 주요 원인인 것 같아.
Tony,시스템에 연결해. 외피 금속을 재구성해. 세라핌 전술 위성의 금 티타늄 합금을 사용해. 그러면 기체 무결성을 유지하면서 출력 대 중량비를 유지할 수 있을 거야. 알겠어?
Tony,날 놀라게 해봐.
Tony,"자비스, 우리가 저기 초대받았나?"
Tony,좀 과시적이지 않아?
Tony,이렇게 해보자. 거기에 핫로드 레드를 좀 넣어.
Tony,"헤이, 마음에 들어. 제작하고 칠해."
Tony,"날 기다리지 마, 자기."
Tony,"당연하지. 멋져 보이네, 헤프."
Tony,세상이 어떻게 됐길래 내가 내 파티에 몰래 들어와야 하나?
Tony,안에서 보지.
Tony,알겠어. 그냥 실내에만 있어서 그래. 금방 돌아올게. 스카치 한 잔 줘. 배고파 죽겠어.
Tony,그래?
Tony,"아, 그래, 그래, 그래. 그... 에서 온 사람."
Tony,"하느님, 그거 새 이름이 필요해."
Tony,일정에 뭔가 잡아놓자고.
Tony,이렇게 하지. 좋아. 네 말이 맞아. 내 비서한테 가서 날짜를 잡을게. 너 환상적으로 보여! 알아보지 못했어.
Tony,그냥 정부 요원들을 피하고 있어.
Tony,그래. 그 드레스 어디서 구했어?
Tony,대단해.
Tony,"뭐, 내가 안목이 좋거든."
Tony,춤추고 싶어?
Tony,"좋아, 가자."
Tony,내가 널 불편하게 만들고 있어?
Tony,넌 멋져 보이고 향기도 좋아.
Tony,"하지만 널 해고할 수도 있어, 그게 긴장을 풀어줄 것 같다면."
Tony,일주일은 버틸 수 있을 거야. 확실해.
Tony,5일.
Tony,맞아.
Tony,나머지 8일은? 그럼 나머지 8일은 내가 널 데리고 있는 거네. 바깥 공기 좀 쐬러 갈까?
Tony,완전히 무해해.
Tony,우린 춤추고 있어. 아무도 보고 있지 않아.
Tony,넌 객관성을 잃은 것 같아. 그냥... 사람들... 우린 그냥 춤췄을 뿐이야.
Tony,그렇게 받아들여지지 않았을 거야.
Tony,넌 과대평가하고 있는 것 같아.
Tony,"알겠어, 알겠어."
Tony,좋아.
Tony,"보드카 마티니 두 잔, 아주 드라이하게, 올리브 많이, 빨리. 하나는 더티로 해줘."
Tony,"오, 안녕."
Tony,캐리.
Tony,캐리.
Tony,맞아.
Tony,공황. 내 반응은 공황이라고 할 수 있겠어.
Tony,그래. 그들이 그냥 내 이름을 초대장에 넣은 거야. 뭐라고 말해야 할지 모르겠어.
Tony,"듣지 못했나 본데, 난 몇 달 동안 출장 중이었어."
Tony,이건 언제 찍은 거야?
Tony,난 어떤 선적도 승인한 적 없어.
Tony,"글쎄, 난 내 회사가 아니야."
Tony,이 사진들 봤어? 굴미라에서 무슨 일이 벌어지고 있는 거야?
Tony,알아? 난 전에 순진했어. 그들이 '여기가 선이야. 우린 이걸 넘지 않아. 이게 우리의 사업 방식이야'라고 말했을 때. 만약 우리가 뒤에서 이중 거래를 하고 있다면... 그런 거야?
Tony,그는 네 거야.
Tony,여보세요?
Tony,누구세요?
Tony,"죄송합니다, 여보세요?"
Tony,좀 크게 말씀해 주세요.
Tony,"아, 그래, 난 뚜껑 열고 운전 중이야."
Tony,"재미있네, 그게 그렇게 작동하다니, 안 그래?"
Tony,"글쎄, 그건 핫스팟이지. 누군가가 들어와서 네 일을 대신 해준 것 같네, 안 그래?"
Tony,"아니야, 난 그냥 캐년에서 조깅하고 있었어."
Tony,"맞아, 난 캐년으로 운전해 가는 중이었어, 거기서 조깅할 거거든."
Tony,아니!
Tony,저기가 내 출구야.
Tony,쳐!
Tony,플레어!
Tony,플랩 전개!
Tony,"안녕, 로디, 나야."
Tony,"미안해, 나야. 네가 물었잖아. 네가 물어본 게 바로 나야."
Tony,이건 장비가 아니야. 내가 이 안에 있어. 이건 슈트야. 나라고!
Tony,"헤이, 고마워."
Tony,"그래, 뭐, 기술적으로 말하면 그가 날 쳤지. 이제 와서 내가 뭘 하고 있는지 보러 올 거야?"
Tony,훈련 연습이야. 그게 보통의 변명 아니야?
Tony,헤이!
Tony,"부드럽게 해. 이게 내 첫 경험이야. 난 이걸 벗을 수 있게 설계했어, 그래서... 헤이. 난 정말로 할 수 있어야 해..."
Tony,인정하자. 이게 네가 날 잡은 것 중 최악은 아니잖아.
Tony,"헤이. 바빠? 심부름 하나 보내도 될까? 내 사무실에 가야 해. 메인프레임에 해킹해서 최근의 모든 선적 명세서를 가져와. 이건 잠금 칩이야. 이걸로 들어갈 수 있을 거야. 아마 임원 파일에 있을 거야. 아니면 고스트 드라이브에 넣었을 텐데, 그럴 경우 가장 낮은 숫자의 제목을 찾아봐."
Tony,"똑같아. 그들이 뒤에서 거래를 하고 있어, 그리고 난 그걸 멈출 거야. 내 무기를 찾아서 파괴할 거야."
Tony,"이것 말고는 아무것도 없어. 미술관 개관도 없고, 자선 행사도 없어. 서명할 것도 없어. 오직 다음 임무만 있을 뿐이야, 그 외엔 아무것도."
Tony,"넌 이 모든 세월 동안 내 옆에 서 있었어, 내가 파괴의 이익을 거두는 동안. 그리고 이제 내가 위험에 처하게 한 사람들을 보호하려고 하는데, 넌 떠나려고 해?"
Tony,"난 살아있어선 안 됐어, 이유가 있어서가 아니라면. 난 미치지 않았어, 페퍼. 난 마침내 내가 해야 할 일을 알게 됐을 뿐이야. 그리고 내 마음속으로 그게 옳다는 걸 알아."
Tony,잘했어.
Tony,페퍼는 어디 있어?
Tony,그걸론 충분하지 않을 거야.
Tony,"나쁘지 않지, 안 그래? 해보자고."
Tony,하늘을 깨끗이 유지해.
Tony,마크 원 흉갑이 얼마나 버틸 것 같아?
Tony,계속 알려줘. 페퍼!
Tony,난 괜찮아. 너는 어떻게...
Tony,"알아. 들어, 넌 거기서 빨리 나가는 게 좋을 거야."
Tony,당장 거기서 나가!
Tony,스테인!
Tony,그것들을 내려놔!
Tony,가슴 RT로 전력 전환해.
Tony,"아가씨! 안 돼, 안 돼, 안 돼!"
Tony,알겠어. 날 최대 고도로 데려가.
Tony,난 계산할 줄 알아! 그냥 해!
Tony,올라가!
Tony,계속 가!
Tony,그냥 화면에 띄워놔! 계속 말하지 마!
Tony,결빙 문제는 어떻게 해결했지?
Tony,그거 한번 살펴보는 게 좋을 거야.
Tony,와! 포츠!
Tony,전력이 거의 다 떨어졌어. 이거 벗어야겠어. 금방 갈게.
Tony,무기 상태는?
Tony,플레어!
Tony,포츠?
Tony,이건 안 통해. 원자로를 과부하시키고 지붕을 날려버려야 해.
Tony,네가 해야 해. 중앙 콘솔로 가서 모든 회로를 열어. 내가 지붕에서 빠져나오면 알려줄게. 그때 주 우회 버튼을 눌러. 여기 있는 모든 걸 태워버릴 거야.
Tony,내가 지붕에서 벗어날 때까지 기다려. 시간을 좀 벌어줄게. 이게 중요해 보이는데!
Tony,페퍼!
Tony,버튼 누를 시간이야!
Tony,그냥 해!
Tony,눌러!
Tony,아이언맨'. 꽤 멋진데. 좋은 울림이 있어. 기술적으로 정확하진 않지만. 슈트는 금-티타늄 합금이거든. 하지만 뭔가 연상시키는 이미지야.
Tony,알겠어?
Tony,그래.
Tony,"있잖아, 그냥 페퍼와 내가 섬에 둘이 있었다고 하면 어떨까 생각 중이야."
Tony,알겠어.
Tony,여기 스테인에 대한 내용은 없네.
Tony,"근데 경호원이라는 전체 커버 스토리는 어떡해? 그건 내... 음, 그게... 좀 허술하지 않아?"
Tony,"알아, 사실 그렇게 나쁘진 않아. 나조차도 내가 아이언맨이라고 생각하지 않을 정도야."
Tony,맞아.
Tony,"좋아, 네 맘대로 해. 있잖아, 내가 아이언맨이라면, 내 진짜 정체를 아는 여자친구가 있을 거야. 그녀는 항상 내가 죽을까 봐 걱정하면서도 내가 된 사람을 자랑스러워할 거야. 엄청 갈등하겠지, 그게 날 더 미치게 좋아하게 만들 거고. 그날 밤에 대해 전혀 생각 안 한다고 말해봐."
Tony,알잖아.
Tony,"네, 그걸로 충분해요, 포츠 양."
Tony,고마워요. 오랜만에 여러분 앞에 섰네요. 이번엔 카드에 충실히 따르겠습니다. 고속도로와 옥상에서 일어난 사건에 제가 관여했다는 추측이 있었죠...
Tony,혼란스러운 건 알아요. 공식 발표를 의심하는 것과 터무니없는 비난을 하거나 제가 슈퍼히어로라고 암시하는 건 완전히 다른 문제죠.
Tony,"안 했다고요? 좋아요, 그게 터무니없고 환상적이니까요. 난 그저 영웅 타입이 아니에요. 분명히. 이 성격적 결함 목록과 제가 저지른 실수들, 대부분 공개된 것들을 보면..."
Tony,"그래, 알겠어. 그래. 사실은... 내가 아이언맨이야."
Tony,자비스!
Tony,넌 대체 누구야?
Tony,아.
Tony,오랜만에 여러분 앞에 섰네요. 아마 우리 모두를 위해 카드에 충실히 따르는 게 좋겠죠. 고속도로와 옥상에서 일어난 사건에 제가 어떻게든 관여했다는 추측이 있었습니다...
Tony,네
Tony,돌아와서 좋네요. 날 그리워하셨나요?
Tony,나도 그리웠어요. 뭔가 폭발시키라고요? 이미 했죠. 내 덕분에 세계가 수년 만에 가장 긴 평화의 시기를 누리고 있다고 말하는 건 아닙니다. 포로 생활의 잿더미에서 인류 역사상 가장 위대한 불사조의 은유가 인격화되었다고 말하는 것도 아닙니다. 내가 최고의 컨디션일 때 나와 맞설 만한 사람을 못 만났기 때문에 삼촌 샘이 잔디 의자에 앉아 아이스티를 마시며 쉴 수 있다고 말하는 것도 아닙니다.
Tony,"부탁드립니다, 이건 저에 관한 게 아닙니다. 여러분에 관한 것도 아니고, 우리에 관한 것도 아닙니다. 이건 유산에 관한 겁니다. 우리가 미래 세대를 위해 남기기로 선택한 것에 관한 겁니다. 그래서 내년, 그리고 1974년 이후 처음으로, 전 세계 국가와 기업의 최고의 인재들이 자원을 모으고 집단적 비전을 공유하여 더 밝은 미래를 남길 것입니다. 우리에 관한 게 아닙니다. 따라서, 제가 뭔가를 말한다면, 스타크 엑스포에 다시 오신 것을 환영합니다. 그리고 지금, 저 너머에서 특별 게스트로 등장해 이 모든 것이 무엇인지 말씀해 주실 분, 제 아버지 하워드를 환영해 주십시오."
Tony,"좋아, 밖은 동물원 같아. 조심해."
Tony,"안녕, 만나서 반가워. 좋아. 고마워. 기억나네."
Tony,"헤이, 헤이."
Tony,안녕하세요. 기쁘게 생각합니다.
Tony,"나중에 보자, 친구."
Tony,"오, 오라클의 현자. 반갑습니다. 만나서 반가워요."
Tony,"래리! 래리. 그래, 내 사람들, 내 사람들."
Tony,아주 차분하네.
Tony,"아니, 완벽했어."
Tony,"헤이, 그녀도 차와 함께 오나요?"
Tony,안녕. 넌 누구지?
Tony,아이리시. 맘에 들어.
Tony,내가 운전할게. 괜찮아? 어디서 왔어?
Tony,여기서 뭐 하는 거야?
Tony,그래? 날 찾았네. 나중에 뭐 해?
Tony,으악.
Tony,"그래, 난 불만이 있어."
Tony,배지 좀 볼 수 있을까?
Tony,그래. 워싱턴 D.C.까지 얼마나 남았지?
Tony,"네, 여보?"
Tony,물론이죠.
Tony,그렇지 않습니다.
Tony,"그렇지 않아요. 음, 무기라는 단어를 어떻게 정의하느냐에 따라 다르죠."
Tony,제 장치는 그 설명에 맞지 않습니다.
Tony,"그것이 무엇인지 정의함으로써 설명하겠습니다, 의원님."
Tony,고급 기술의 보철물입니다. 그게... 그게... 사실 제가 할 수 있는 가장 적절한 설명이에요.
Tony,"제발, 만약 당신의 우선순위가 정말로 미국 시민의 안녕이라면..."
Tony,"글쎄요, 잊으세요. 난 아이언맨입니다. 슈트와 나는 하나예요. 아이언맨 슈트를 넘기는 건 나 자신을 넘기는 거죠. 그건 계약 노예나 매춘과 다름없어요, 어느 주에 있느냐에 따라 다르겠지만. 가질 수 없어요."
Tony,매춘에서요? 물론 아니죠. 당신은 상원의원이잖아요. 제발.
Tony,해머 씨가 의회에 들어오는 걸 봤다는 걸 기록에 남겨주세요. 그리고 실제 전문가가 언제 참석할지 궁금하네요.
Tony,로디? 뭐야?
Tony,"안녕, 친구. 여기서 널 볼 줄은 몰랐어."
Tony,난 그저...
Tony,"알겠어, 그만둘게."
Tony,"난 가입하는 타입이 아니지만, 국방장관은 고려해볼게. 예쁘게 부탁한다면 말이야."
Tony,시간을 좀 조정할 수 있어.
Tony,"잠깐만 친구. 뭔가 보여줄게. 와, 내가 정말 대단해. 네 화면들을 가로챘어. 필요해서 그랬어. 이제 좀 투명하게 해보자. 자, 실제로 무슨 일이 일어나고 있는지 보자."
Tony,"화면을 보시면, 저건 북한이라고 생각합니다."
Tony,이란.
Tony,여기엔 심각한 위협이 없네요. 저건 저스틴 해머인가요? 해머는 어떻게 이 판에 끼어들었죠?
Tony,"저스틴, 네가 TV에 나오고 있어. 집중해."
Tony,"와. 그래, 대부분의 국가들은 5년, 10년 정도 걸릴 거예요. 해머 인더스트리는 20년?"
Tony,"요점은, 뭐, 고맙다고 해야 할 것 같네요."
Tony,왜냐하면 내가 당신들의 핵 억지력이니까요. 잘 작동하고 있어요. 우리는 안전해요. 미국은 안전합니다. 내 재산을 원하세요? 가질 순 없어요. 하지만 난 당신들에게 큰 호의를 베풀었죠.
Tony,난 성공적으로 세계 평화를 사유화했어요.
Tony,뭘 더 원하시나요? 지금은요! 난 이 바보들과 협력하려고 노력했어요.
Tony,알겠어.
Tony,"일어나, 아빠가 돌아왔어."
Tony,너!
Tony,맹세코 널 분해해버리겠어. 네 마더보드를 물에 담그고 와인 랙으로 만들어버릴 거야.
Tony,이 헛소리 같은 걸 하루에 몇 온스나 마셔야 하는 거야?
Tony,팔라듐 수치 확인해.
Tony,"젠장, 빨리 떨어지고 있어."
Tony,음소거.
Tony,뭐라고?
Tony,"있잖아, 난 바쁘다고 생각 중이야. 그리고 넌 뭔가에 화가 났구나. 감기 걸렸어? 난 아프고 싶지 않아."
Tony,네 일이나 신경 써.
Tony,미국 보이스카우트.
Tony,"그래. 가치 있는 단체지. 직접 상자를 확인하진 않았지만, 기본적으로 그래. 그리고 그건 '우리' 컬렉션이 아니라 '내' 컬렉션이야. 기분 나빠하지 마."
Tony,세금 공제용이었어. 그게 필요했거든.
Tony,"더미. 이봐, 멍 때리지 마. 브리지포트가 이미 그 부품을 가공하고 있잖아."
Tony,네가 나아질 때까지 수술용 마스크를 착용해줬으면 해. 괜찮지?
Tony,엑스포보다 중요한 건 없어. 그게 내 주요 관심사야. 네가 왜 그러는지 모르겠어...
Tony,와. 저것 좀 봐. 저건 현대 미술이야. 저걸 걸어야겠어.
Tony,이걸 지금 당장 걸 거야. 이건 아주 중요해.
Tony,아니. 우리 주가가 이렇게 높았던 적이 없어.
Tony,"넌... 음, 지저분하다면 다시 돌아가보자."
Tony,다른 주제로 넘어가자.
Tony,난 그걸 내리지 않을 거야. 그냥 이걸로 교체하는 거지.
Tony,여기서 뭘 할 수 있을지 보자.
Tony,그래. '풍력 발전'이란 말은 하지 마. 벌써 속이 더부룩해지는 것 같아.
Tony,모든 게 내 아이디어였어.
Tony,더 이상 자유주의 의제에 관심 없어. 지루해. 지루해. 지루 경보를 보내고 있어. 네가 해.
Tony,훌륭한 생각이야. 방금 알아냈어. 네가 회사를 운영해.
Tony,"페퍼, 네가 회사를 운영해야 해. 음, 하려고 하지 말고 그냥 해."
Tony,시도해 달라고 부탁하는 게 아니라...
Tony,실제로 해달라고 부탁하는 거야. 네가 해줬으면 좋겠어.
Tony,"페퍼, 내 말을 듣고 있는 거야!"
Tony,널 CEO로 만들려고 하는 거야. 왜 못하게 하는 거야?
Tony,"클로로필. 난 이로써 너를 취소 불가능하게 스타크 인더스트리의 회장 겸 CEO로 임명한다. 즉시 효력 발생이야. 그래, 다 됐어. 알겠어? 사실 이것에 대해 꽤 많이 생각해봤어, 믿거나 말거나. 말하자면 약간의 인재 찾기를 하고 있었지, 누가 worthy한 후계자가 될 수 있을지 알아내려고. 그리고 깨달았어, 그게 바로 너라는 걸. 항상 너였어. 법적 문제가 있을 줄 알았는데, 사실 난 내 후계자를 지명할 수 있어. 내 후계자가 바로 너야. 축하해? 받아, 그냥 받아."
Tony,"생각하지 말고 마셔. 자, 그렇지."
Tony,난 행복한 시간을 보내고 있어. 미안해.
Tony,그건 종합 격투기라고 해. 3주 전부터 있었어.
Tony,"좋아, 주먹 들어. 어서."
Tony,"됐어. 난 끝났어. 이름이 뭐야, 아가씨?"
Tony,앞으로 나와. 교회로 들어와.
Tony,"법정이 허락한다면, 그리고 허락할 테니까."
Tony,그녀에게 레슨을 해줄 수 있어?
Tony,페퍼.
Tony,그녀는 누구야?
Tony,"새 비서가 필요해, 보스."
Tony,만날 시간이 없어. 지금 당장 누군가 필요해. 그녀인 것 같아.
Tony,"네 이름 철자가 어떻게 돼, 나탈리?"
Tony,"난 그녀를 훑어보고 있다고 생각했는데. 와. 정말, 정말 인상적인 인물이야."
Tony,"그녀는 프랑스어, 이탈리아어, 러시아어, 라틴어에 능통해. 누가 라틴어를 말해?"
Tony,아무도 라틴어를 말하지 않아.
Tony,도쿄에서 모델 일 했어? 그녀가 도쿄에서 모델 일을 했거든.
Tony,그녀가 필요해. 내가 필요한 모든 것을 갖추고 있어.
Tony,그게 내가 말하는 거야.
Tony,그랬어?
Tony,내가 보기엔 TKO 같은데.
Tony,"넌 조용한 내공이 있어. 모르겠어, 넌 오래된 영혼 같아."
Tony,그래.
Tony,좋아. 여기서 마무리 중이야. 헤이. 넌 보스야.
Tony,아니.
Tony,난 하나 갖고 싶어.
Tony,"알잖아, 여긴 유럽이야. 앞으로 20분 동안 무슨 일이 일어나든 그냥 따라와."
Tony,안녕.
Tony,"아주 좋았어. 이봐, 널 보니 좋네."
Tony,뭐? 네가 나보고 하라며.
Tony,"넌 그만뒀잖아. 웃어. 봐, 바로 저기. 변비 걸린 것처럼 굴지 마. 콧구멍 벌리지 마."
Tony,그게 놀라운 거야.
Tony,넌 환상적으로 보여.
Tony,하지만 그건 비전문적이야. 일정에 뭐가 있어?
Tony,완벽해. 11시에 거기 있을게.
Tony,이게 우리 차야?
Tony,좋아. 우리 것으로 만들어.
Tony,"일론, 어떻게 지내? 그 멀린 엔진들 정말 환상적이야."
Tony,그래?
Tony,그럼 우리가 해결할게. 마사지 받을래?
Tony,나탈리에게 예약하라고...
Tony,"긴장하지 않았으면 좋겠어. 그나저나, 이걸 갑자기 던지려던 건 아니었어."
Tony,초록색은 네 최고의 색깔이 아니야.
Tony,내가 이 지구상에서 가장 싫어하는 사람.
Tony,저스틴 해머.
Tony,"그래, 대충."
Tony,그리고 그녀가 기사도 썼지.
Tony,좋았어.
Tony,날 떠나지 마.
Tony,난 괜찮아.
Tony,"제발, 이건 힘들어."
Tony,"세상에, 정말 끔찍해."
Tony,그의 계약이 취소된 이후로...
Tony,...네가 시도하려고 할 때... 그건 내가 들은 게 아니야. '보류'와 '취소'의 차이가 뭐야? 진실은?
Tony,"음, 네가 작동하는 뭔가를 발명하면, 내가 너에게 슬롯을 확보해 줄게."
Tony,그래?
Tony,"해머에게 슬롯이 필요해, 크리스틴."
Tony,다른 나쁜 아이디어 있어?
Tony,...그리고 경주용 차를 소유하는 것...
Tony,...운전하지 않는다면?
Tony,괜찮아?
Tony,"날 향해 오고 있었어, 아니면 그를 향해?"
Tony,난 구분할 수가 없어!
Tony,더 나은 보안.
Tony,난 공격받았어. 우리는 더 나은 보안이 필요해.
Tony,"넌 CEO야. 더 나은 보안 조치. 세상에, 창피해. 2년 만의 첫 휴가였는데."
Tony,다시 때려. 다시 때려. 미식축구야.
Tony,그에게 케이스를 줘!
Tony,진정해.
Tony,케이스를 줘! 제발! 어서!
Tony,"꽤 괜찮은 기술이야. 초당 사이클이 좀 낮았어. 회전을 두 배로 늘릴 수 있었을 텐데. 이온화된 플라즈마 채널을 통해 리펄서 에너지를 집중시켰군. 효과적이야. 그리 효율적이진 않지만. 그래도 그럭저럭 괜찮은 모방이야. 이해가 안 가네. 약간만 더 조정했다면 꽤 괜찮은 수표를 받을 수 있었을 텐데. 북한, 중국, 이란에 팔 수도 있었고, 아니면 암시장에 내놓을 수도 있었겠지. 너 같은 밑바닥 친구들이 있어 보이는데."
Tony,"도둑 얘기가 나와서 말인데, 이 설계를 어디서 구했어?"
Tony,"글쎄, 난 그에 대해 들어본 적이 없어."
Tony,"내가 살아있는 이유는 네가 기회가 있었고, 쏘긴 했지만, 빗나갔기 때문이야."
Tony,세상이 날 집어삼키는 걸 어디서 지켜볼 거야? 맞아. 감옥 독방에서지. 비누 한 장 보내줄게.
Tony,음소거. 그는 내게 메달을 줘야 해. 그게 진실이야.
Tony,이게 네 기내식이야.
Tony,그래. 내가 3시간 동안 어디 있었다고 생각해?
Tony,난 집에 가고 싶지 않아. 전혀. 내 생일 파티를 취소하고... 우린 유럽에 있잖아. 베니스의 치프리아니에 가자. 기억나?
Tony,건강해지기 좋은 곳이야.
Tony,"그래, 하지만 그래서 지금이 최고의 시기일 수도 있어. 그러면 우리가..."
Tony,"CEO로서, 넌 휴가를 가질 자격이 있어."
Tony,회사 연수라고 하자.
Tony,"그냥 드라이브야. 음, 우리 배터리를 재충전하고 모든 걸 정리할 수 있을 거라고."
Tony,가자.
Tony,"그래, 내 책상으로 가봐야겠어. 저 시가 상자 보이지?"
Tony,팔라듐이야.
Tony,"꼭 알아야 한다면, 중성자 손상이야. 원자로 벽에서 나온 거야."
Tony,찰과상이야. 고마워. 뭘 보고 있어?
Tony,"알아, 난 그걸 믿고 싶어. 정말로. 하지만 날 믿어야 해. 대중의 믿음과는 달리, 난 내가 뭘 하고 있는지 정확히 알아."
Tony,한번 볼게. 파티를 취소해야겠어.
Tony,그래. 왜냐하면...
Tony,"맞아, 잘못된 메시지를 보내게 돼."
Tony,"금색 얼굴, 갈색 손. 예거. 한번 볼게. 가져와. 그걸 가져갈게. 왜 넌... 말해야겠어. 널 읽기가 어렵네. 어디 출신이야?"
Tony,"가정적으로 물어봐도 될까? 좀 이상하긴 한데. 이게 네가 가질 마지막 생일 파티라면, 어떻게 축하하고 싶어?"
Tony,"알아, 내가 가장 자주 받는 질문이 '토니, 슈트를 입고 화장실은 어떻게 가요?'야. 바로 이렇게."
Tony,사랑해.
Tony,"아니, 아니, 아니, 우린 못... 잠깐, 잠깐, 잠깐. 케이크도 안 먹었고 촛불도 안 껐잖아."
Tony,넌 통제할 수 없을 정도로 아름다워.
Tony,한 번 더 뽀뽀해줘.
Tony,"어서, 넌 원하잖아."
Tony,알아. 여과 시스템이 있어.
Tony,그 물을 마실 수 있을 거야.
Tony,네 말대로라면.
Tony,"페퍼 포츠. 그녀 말이 맞아. 파티는 끝났어. 그런데 또, 나한텐 한 시간 반 전에 끝났지. 애프터파티는 15분 후에 시작해. 그리고 누구든, 페퍼, 마음에 들지 않는다면, 저기 문이 있어. 예! 때려! 당겨! 그녀가 갤러거를 원하는 것 같아!"
Tony,골드스타인.
Tony,내 친구 엉덩이를 때릴 두꺼운 비트 좀 줘봐.
Tony,"자, 그걸 찾은 곳에 다시 놔. 누가 다치기 전에. 정말? 미안하지만, 아이언맨에겐 조수가 없어."
Tony,원해? 가져가!
Tony,그 슈트를 입을 자격이 있다고 생각해?
Tony,워 머신이 되고 싶어? 한번 쏴봐.
Tony,쏠 거야?
Tony,안돼!
Tony,가져가!
Tony,"내가 말했잖아, 난 네 초비밀 소년단에 가입하고 싶지 않다고."
Tony,"그건... 그건... 그건... 미안해. 잘못된 발로 시작하고 싶지 않아. 안대를 봐야 해, 아니면 눈을 봐야 해? 솔직히 난 좀 숙취가 있어. 네가 진짜인지 아니면 내가 환각을 보고 있는 건지 모르겠어."
Tony,역시 내 운이지. 여기 직원들은 어디 있어?
Tony,더 심했던 적도 있어.
Tony,넌 해고야.
Tony,안녕.
Tony,사과하는 게 좋을 거야.
Tony,넌 잘 모르는구나. 내가 그에게 준 게 아니야. 그가 가져간 거야.
Tony,내게 뭘 원해?
Tony,"오, 세상에, 내 신장을 훔쳐 팔 생각이야? 5초만이라도 끔찍한 짓 좀 하지 말아줄래? 그녀가 방금 내게 뭘 한 거야?"
Tony,그거 몇 상자만 줘. 금방 괜찮아질 거야.
Tony,"믿어, 난 알아. 난 이런 거에 능숙해. 팔라듐을 대체할 만한 적당한 것을 찾고 있었어. 모든 조합, 모든 알려진 원소의 모든 순열을 시도해봤어."
Tony,"아니, 그건 완성됐어. 내가 소형화해서 내 가슴에 넣기 전까진 특별히 효과적이지 않았어."
Tony,"그냥 그 뿐이야, 아니면 안톤 반코도 이 일에 관여했어?"
Tony,넌 내가 모든 걸 시도하지 않았다고 했어. 내가 모든 걸 시도하지 않았다는 게 무슨 뜻이야? 내가 뭘 시도하지 않았지?
Tony,그가 그렇게 말했어?
Tony,"네가 정보를 어디서 얻었는지 모르겠지만, 그는 내 가장 큰 팬이 아니었어."
Tony,그는 차갑고 계산적이었어. 그는 한 번도 날 사랑한다고 말하지 않았어. 심지어 날 좋아한다고도 말한 적 없어. 그래서 네가 그가 미래 전체가 나에게 달려있다고 말했고 그걸 내게 넘기고 있다고 말할 때 받아들이기가 좀 힘들어. 이해가 안 가. 넌 날 기숙학교로 보낸 날이 가장 행복했던 사람에 대해 말하고 있어.
Tony,"음, 그렇다면 분명 넌 내 아버지를 나보다 더 잘 알았나 보네."
Tony,뭐라고?
Tony,"잠깐, 잠깐, 잠깐, 잠깐. 이게 뭐야?"
Tony,"아니, 난 괜찮지 않아."
Tony,뭘 얻었다고? 난 내가 뭘 얻어야 하는지도 모르겠어.
Tony,그래.
Tony,"제발. 첫 번째로, 약간의 차체 수리가 필요해. 연구실에서 시간을 좀 보낼 거야. 당신네 부하들 중 하나를 커피빈, 크로스 크릭으로 보내서 스타벅스 심부름을 좀 시켜줄 수 있다면, 그거 좋겠어."
Tony,"알겠어, 그래."
Tony,난 돈이 없어. 여기. 
Tony,"아니, 괜찮아. 그걸 가져가. 괜찮아."
Tony,가져가. 가져가. 난 사람들이 내게 물건을 건네주는 걸 좋아하지 않아. 그냥 거기 놔두면 좋겠어.
Tony,가끔.
Tony,진정해.
Tony,여기야.
Tony,난 그렇지 않아. 괜찮아. 금방 돌아올게.
Tony,음소거.
Tony,이것들을 치울게.
Tony,그럴까?
Tony,그러고 싶어. 시간 있어?
Tony,"어서, 방금 전화 끊었잖아. 괜찮아. 30초."
Tony,"여기 오는 길에 생각해보니, 기본적으로 사과하러 왔다고 생각했는데, 그게 아니야."
Tony,"봐, 그건 말할 필요도 없고, 난 그걸 위해 노력하고 있어. 하지만 난 네게 완전히 솔직하지 않았어, 그래서 그걸 바로잡으려고 해. 이거 옮겨도 돼? 이거 미쳤네. 관람차 같아, 돌아가는. 난 좀..."
Tony,"인생이 얼마나 짧은지 알아? 그리고 내가 표현할 기회를 얻지 못한다면... 그리고 이건 나에게도 좀 놀라운 일이야. 그리고 난 신경 쓰지... 음, 신경 쓰긴 해. 좋겠지. 난 네가... 봐, 내가 하려는 말은 이거야. 그냥 말할게."
Tony,그래.
Tony,딸기 알레르기. 이건 진전이야 페퍼. 너와 이것 사이에 상관관계가 있다는 걸 알았어.
Tony,나도 너가 필요해.
Tony,그게 내가 하려는...
Tony,"난 괜찮아, 해피."
Tony,"이혼할 때 애들 둘 다 잃었어. 여기 잘 적응하고 있어, 나탈리? 여기 스타크 엔터프라이즈에? 네 이름이 나탈리 맞지? 난 너희 둘이 사이가 안 좋은 줄 알았는데?"
Tony,그냥 날 좋아하지 않는 거구나. 아니? 아무것도?
Tony,"와, 넌 정말 대단해. 넌 믿을 수 없을 정도로 이중적이야. 어떻게 그렇게 해? 넌 그냥 모든 걸... 넌 삼중 사기꾼이야. 난 네 같은 사람을 본 적이 없어. 너에 대해 진짜인 게 뭐라도 있어? 정말로 라틴어를 할 줄 알아?"
Tony,그게 무슨 뜻이야? 잠깐. 뭐? 방금 뭐라고 했어?
Tony,넌 대단해. [책상 아래에 물건들을 쌓고 딸기를 쓰레기통에 던진다. 모형으로 돌아가 한쪽 눈으로 본다.]
Tony,"자비스, 디지털 와이어 프레임을 진공 성형해줄 수 있어? 조작 가능한 투영이 필요해."
Tony,건물이 몇 개야?
Tony,"그건 수사적인 질문이었어. 그냥 보여줘. 자비스, 이게 뭐처럼 보여? 원자와 다르지 않아. 그렇다면 핵심은 여기일 거야. 유니스피어를 강조해. 보도를 없애. 그것들을 없애버려."
Tony,"난 발견하고 있어... 정정하자면, 새로운 원소를 재발견하고 있어, 내 생각에. 조경을 없애, 관목도, 나"
Tony,고마워요 아버지
Tony,"대대적인 리모델링 준비해, 친구들. 우린 다시 하드웨어 모드로 돌아왔어."
Tony,그래. 그건 3년 전 일이야. 넌 어디 있었어?
Tony,"그래, 나도 그랬고 잘 됐어. 이봐, 난 홈팀을 위해 뛰고 있어 콜슨, 너와 네 모든 괴상한 동료들. 이제 날 일하게 할 거야, 아니면 계속 방해할 거야?"
Tony,바로 그거야. 그걸 내게 가져와.
Tony,"이게 바로 내가 이걸 작동시키는 데 필요한 거야. 코일을 들어올려. 어서, 어서. 무릎에 힘을 줘. 그렇지. 그리고... 떨어뜨려. 떨어뜨려. 완벽하게 수평이야. 난 바빠. 뭘 원해?"
Tony,환상적이군. 마법의 땅.
Tony,비밀 stuff?
Tony,잘 가. 고마워.
Tony,"그래, 네가 아는 것보다 더."
Tony,그건 쉬웠어.
Tony,"더미, 너, 이 쓰레기 좀 치울 수 있어? 날 죽이는 구나. 알잖아 내가 안..."
Tony,내 전화 특권이 복구됐군. 좋아. 콜슨. 마법의 땅은 어때?
Tony,넌 뭐라고?
Tony,죽은 사람 치고는 꽤 활기차게 들리는데.
Tony,그를 추적해.
Tony,"자비스, 그는 어디 있지?"
Tony,좋아 들린다. 만나서 자세히 얘기해보자.
Tony,테스트를 하고 싶으면 해. 그리고 그 와중에 슈트도 조립해. 지금 당장 조립해.
Tony,"듣고 싶지 않아 자비스. 이거 코코넛 맛이 나네. 그리고 금속 맛도. 오 와, 그래!"
Tony,문제가 생겼어.
Tony,그들에게 손 흔들어줘.
Tony,이 사람들 모두 위험해. 우린 그들을 여기서 빼내야 해. 앞으로 5분만 날 믿어줘.
Tony,"들어봐, 그가 반코와 협력하고 있는 것 같아."
Tony,그는 뭐지?
Tony,반코는 어디 있어?
Tony,말해.
Tony,너야?
Tony,밖으로 나가자.
Tony,"자비스, 침입해. 그를 제어해야 해."
Tony,뭐에?
Tony,"어떻게 되가, 자비스?"
Tony,"잘했어, 꼬마야."
Tony,이걸 엑스포에서 멀리 떨어뜨리자.
Tony,알겠어.
Tony,"로디, 아직 잠겼어?"
Tony,양말 벗고 크록스 신어. 이 놀이기구에서 젖을 거야.
Tony,미안해 친구. 무리를 좀 정리해야 했어. 너 위치는?
Tony,"정말 고마워요, 로마노프 요원."
Tony,"그래, 지금은 죽지 않고 있어. 고마워."
Tony,"너야? 아니, 난 아니야. 더 이상은."
Tony,말하려고 했어. 널 놀라게 하고 싶지 않았어.
Tony,넌 내게 기회를 주지 않았잖아.
Tony,오믈렛을 만들어 주면서 말하려고 했어.
Tony,좋아. 페퍼?
Tony,난 괜찮아. 화내지 마. 공식적으로 사과할게...
Tony,...해머로이드 공격을 막아내고 나서.
Tony,우린 베니스에 있을 수 있었는데.
Tony,"로디? 정신 차려, 친구. 널 필요로 해. 그들이 오고 있어. 어서, 가자. 일어나."
Tony,괜찮아?
Tony,그러지 마.
Tony,내가 널 이 상황에 빠뜨렸어. 잊어버려.
Tony,고마워. 그 말만 듣고 싶었어. 파트너. 그들이 곧 올 거야. 어떻게 할 거야?
Tony,알겠어. 어디에 있고 싶어?
Tony,무슨 소리야?
Tony,넌 큰 총을 가지고 있어. 넌 큰 총이 아니야.
Tony,아니. 그건 모든 종소리와 휘파람 소리를 미묘하게 내는 거야.
Tony,좋아. 알겠어. 넌 위로 올라가. 난 그들을 유인할게.
Tony,"좋아, 넌 자리를 잡았어. 내 자리는 어디야?"
Tony,저거 봤어?
Tony,로디? 엎드려.
Tony,그래. 미안해 보스. 한 번밖에 못 써. 일회용이야.
Tony,뭐랑? 해머 테크?
Tony,내가 할게. 로디. 아이디어가 있어. 영웅이 되고 싶어?
Tony,난 정말 조수가 필요해. 손 들어.
Tony,그래.
Tony,잡아!
Tony,페퍼?
Tony,못한다고?
Tony,날 봐.
Tony,내가 꽤 잘 했다고 생각해.
Tony,"방금 뭐라고 했어? 그만둔다고? 놀랍네. 아니, 놀랍지 않아. 이해해. 변명할 필요 없어."
Tony,사실 넌 방금 변명하고 있었어. 하지만 그럴 필요 없어.
Tony,"들어봐. 이봐, 이봐. 넌 더 나은 걸 받을 자격이 있어."
Tony,"넌 날 정말 잘 돌봐줬어. 난 힘든 상황이었지만, 네가 날 그걸 헤쳐나가게 해줬어, 그래서... 맞지?"
Tony,그래.
Tony,"그래, 그래. 정리 작업에 대해 얘기해보자."
Tony,좋아. 언론은 어떡해? 넌 일주일밖에 일하지 않았으니까. 그건 좀...
Tony,알아.
Tony,이상해 보일 거야.
Tony,"괜찮지, 그렇지?"
Tony,다시 한 번 말해줘.
Tony,"그래, 그러니까 우리는 아니..."
Tony,넌 사라져야 해.
Tony,넌 한방 대사가 떨어졌다고 생각했는데.
Tony,그나저나 아까 거기서 완전 멋졌어.
Tony,안 돼. 그건 안 돼.
Tony,내가 수락하지 않으면 어떻게 사직할 거야?
Tony,"성격 개요. 스타크 씨는 강박적 행동을 보입니다.' 내 방어를 위해 말하자면, 그건 지난주 얘기야. '자기 파괴적 성향이 있음.' 난 죽어가고 있었어. 제발. 우리 모두 그렇지 않아? '교과서적인 자기애?' 동의해. 좋아, 여기 있다. '어벤저스 이니셔티브 채용 평가. 아이언맨? 그렇다.' 생각해봐야겠어."
Tony,토니는 아니다'? '추천하지 않음'? 그건 말이 안 돼. 어떻게 날 승인하면서 승인하지 않을 수 있지? 난 새 심장을 얻었어. 페퍼에게 잘하려고 노력 중이야. 난 안정적인... 편인 관계에 있어.
Tony,날 고용할 여유가 없을 걸. 그래도 작은 부탁 하나와 교환으로 내 통상적인 선급금은 포기하지. 로디와 난 워싱턴에서 영예를 받게 됐는데 발표자가 필요해.
Tony,"저기, 너 원해...?"
Tony,내가 연설을 했다고? 어땠어?
Tony,정말?
Tony,"그게 내가 가장 좋아하는 종류야, 최고의 조합이지."
Tony,"음, 아마 서로 열정적으로 사랑을 나누겠지, 아마 네 방에서. 난 네 연구도 보고 싶거든."
Tony,"오, 마침내 '호'라는 이름의 남자를 만났군."
Tony,"오, 이 사람."
Tony,안녕. 넌 심장 전문의잖아. 내가... 한 후에 그녀는 심장전문의가 필요할 거야.
Tony,누가 아니겠어? 그는 날 말하는 거야.
Tony,"오, 와. 그가 해냈어. 그가 통과했군."
Tony,음... 그녀는 둘 다 받을 거야.
Tony,하나는 버리고 하나는 전화하지 않을 거야.
Tony,"그래, 네 티셔츠에 있으니까 보이지."
Tony,"숙녀분들, 멀렛을 따라가세요. 숙녀 먼저."
Tony,당신과 일할 생각에 흥분되는군요.
Tony,"그래, 치즈 광대야. 5분 후에 옥상에서 보지. 난 잠깐 내 고기를 적셔볼게. 무슨 말인지 알지?"
Tony,당연하지.
Tony,어서! 그건 그냥 이론이라고 생각했는데.
Tony,와.
Tony,그거 대단하네. 본질적으로 당신은 유전적인 것을 해킹하고 있군요...
Tony,...의...
Tony,...살아있는 유기체.
Tony,와.
Tony,그녀는 다른 애들과는 달라. 어서. 침실로 가자. 해피...
Tony,그녀의 고무나무는 그냥 놔둬.
Tony,그리고 식물부터 시작하는 거예요?
Tony,흠.
Tony,혁명적이군요.
Tony,세상을 바꾸는 거죠.
Tony,당신은 내가 만난 여성 중 가장 재능 있는 사람이에요.
Tony,스위스에서.
Tony,이번 주에.
Tony,"거의 믿을 뻔했지, 그렇지?"
Tony,텔로머라아제 알고리즘을 확인해 보셨나요?
Tony,우린 괜찮아.
Tony,당신... 당신이 바로 내 옆에 있네요. 해냈어요. 방금 그게 뭐였죠?
Tony,그녀가 방금 그것에 대해 말하고 있었어. 오작동이 일어나고 있대.
Tony,이봐!
Tony,새해 복 많이 받아요.
Tony,"알겠어, 아침에 보지. 잘 자."
Tony,그래.
Tony,알겠어.
Tony,"그래서 내가 왜 이 얘기를 하는 거냐고? 내가 악마들을 만들어냈는데, 그때는 그걸 몰랐거든."
Tony,"그래, 그때가 좋았지. 그 후 난 앞으로 나아갔어. 아프간 동굴에서 짧은 파티를 즐긴 후, 난 파티 현장에 작별을 고했지. 스위스에서의 그 밤을 잊었어. 요즘 난 변한 사람이야, 달라졌어. 난 뭐... 넌 내가 누군지 알잖아."
Tony,아야!
Tony,아니. 48개. 아! 마이크로 리피터 이식 시퀀스 완료.
Tony,"그렇게 할 거야. 좋아, 시작하자."
Tony,"더미. 안녕, 더미. 그 모자는 어떻게 썼어? 네가 그럴 자격이 있구나."
Tony,"이봐. 이봐! 구석에서 뭐하는 거야? 네가 뭘 했는지 알잖아. 내 매트에 피, 처리해."
Tony,"집중해, 숙녀들. 안녕하세요, 출산실에 오신 것을 환영합니다. 여러분의 터프하고 멋진 아기 동생의 임박한 도착을 알려드리게 되어 기쁩니다."
Tony,꽉 조이고 넓게 펴. 제 시간에 맞춰. 마크 42 자율 집게 추진 슈트 테스트. 초기화 시퀀스.
Tony,"자비스, 내 바늘을 떨어뜨려."
Tony,젠장.
Tony,"좋아, 이제 됐어. 전부 보내."
Tony,"아마도 좀 빠른 것 같아, 속도를 줄여. 속도를 좀만..."
Tony,...줄여.
Tony,"진정해, 자비스."
Tony,어서 와. 난 너희가 무섭지 않아.
Tony,난 최고야.
Tony,그리고 72시간은 낮잠 사이의 긴 시간이 아니라고 생각했지. 더 나빠질 수 없다고 생각했어. 그때 TV를 켜야 했지.
Tony,그때 그가 나타났어.
Tony,나는 아이언 패트리어트다...
Tony,"그래서 실제로 무슨 일이 일어나고 있는 거야? 만다린에 대해. 진지하게, 이 녀석에 대해 얘기 좀 할 수 있을까?"
Tony,아홉 번.
Tony,"내가 도울 수 있다는 걸 알잖아, 그냥 물어봐. 새로운 기술이 엄청 많아, 집게도 있고, 새로운 폭탄 처리 장치도 있어. 공중에서 폭발을 잡아내."
Tony,아인슈타인은 1년에 3시간 잤어. 그가 뭘 했는지 봐.
Tony,그렇게 나한테 올 거야?
Tony,"리처드가 괜찮다면. 딕, 이거 괜찮아?"
Tony,네 이름이 뭐야?
Tony,그나저나 '크리스마스 이야기'에서 네가 정말 좋았어.
Tony,"슈퍼히어로 일이 아니라는 거 알아, 이해해."
Tony,그래서 내가 이해한다고 말했잖아.
Tony,크레용을 부러뜨렸어.
Tony,뭐라고 했대?!
Tony,미안. 슈트를 확인해야 해... 확실히... 좋아.
Tony,"심장을 확인해, 확인해... 뇌야?"
Tony,"오케이, 그러니까 난 중독됐다는 거야?"
Tony,나?
Tony,"미안, 가봐야겠어."
Tony,이게 보안 책임자 이마야?
Tony,뭐? 인턴들을 괴롭히고 있어?
Tony,무슨 일이야? 설명해 봐.
Tony,그래.
Tony,맞아.
Tony,"오, 그래, 그래. 넌 최고야."
Tony,음... 스위스.
Tony,"킬리언? 아니, 그 녀석 기억 안 나는데."
Tony,그의 뭐?
Tony,"뭘 봐? 그들을 보고 있어? 화면을 뒤집어, 그러면 우리가 시작할 수 있어."
Tony,"화면을 뒤집어, 그러면 내가 그들이 뭘 하는지 볼 수 있어."
Tony,진정해.
Tony,그냥 주변을 안전하게 해달라고 부탁하는 거야. 그에게 나가서 술 한잔 하라고 해.
Tony,거대한 뇌?
Tony,"널 그리워해, 해피."
Tony,"이봐, 난... 네 말을 자르고 싶지 않아. 테이저 갖고 있어?"
Tony,"인사과에 프린터 잉크를 훔치려는 여자가 있는 것 같아, 가서 그녀를 전기 충격으로 기절시켜야 할 거야."
Tony,"어... 그래. 그런 거지. 알잖아, 모든 사람에겐 취미가 필요해."
Tony,"그냥 적응 중이야. 알잖아, 처음엔 항상 끈적끈적한 부분이 좀 꽉 조이거든."
Tony,"오 이봐, 크리스마스 선물 봤어?"
Tony,"음, 사실... 좋은 질문이야. 내일 팀을 데려와서 저 벽을 날려버릴 거야."
Tony,"그래서, 음... 긴장돼? 좋은 하루였어?"
Tony,"오 어깨가 좀 뭉쳤네. 장난꾸러기 녀석. 이것에 대해 계속 얘기하고 싶진 않지만, 맞춤 제작한 토끼 좋아했어?"
Tony,"제대로 맞췄지, 그렇지?"
Tony,"흠. 그래, 젠장. 안 되겠어. 그냥 키스나 할까..."
Tony,얼굴 틈에?
Tony,쇠지렛대. 그래.
Tony,"오, 그런데 방사능 유출이 있었어."
Tony,그건 위험해.
Tony,적어도 내가 너한테 방호복이나 가이거 계수기 같은 걸 줄게.
Tony,들켰네.
Tony,미안해.
Tony,그는 그냥...
Tony,"음, 그래. 내 말은 우리가 그냥... 내가 일을 마무리하는 동안 당신을 접대하고 있었을 뿐이야."
Tony,"그리고 그래, 간단히 먹었어. 네가 집에 올지 아니면 올드리치 킬리언과 술을 마실지 몰랐거든."
Tony,뭐라고?
Tony,해피가 걱정했어.
Tony,난 그러지 않았어...
Tony,잠깐만. 어서. 페퍼.
Tony,"이봐, 인정할게! 내 잘못이야. 미안해."
Tony,"난 엉망진창이야. 이런 상태가 한동안 계속됐는데, 아무 말도 하지 않았어."
Tony,뉴욕 이후로 아무것도 같지 않아.
Tony,"경험하고 나면 그게 끝나는데도 여전히 설명할 수가 없어. 신들, 외계인들, 다른 차원들. 난... 난 그저 캔 속의 인간일 뿐이야. 내가 아직 미치지 않은 유일한 이유는 아마도 네가 이사 왔기 때문일 거야. 그건 정말 좋아. 난 널 사랑해, 난 운이 좋아. 하지만, 자기야, 난 잠을 잘 수가 없어. 넌 자러 가고, 난 여기 내려와. 내가 아는 일을 해, 이것저것 만지작거리지."
Tony,"하지만 위협은 임박했고, 난 내가 없어서는 안 될 유일한 것을 지켜야 해. 그건 바로 너야. 내 슈트들, 그것들은 음..."
Tony,그것들은 나의 일부야.
Tony,아마도.
Tony,알겠어.
Tony,좋아졌어.
Tony,전원 차단!
Tony,"내가 자는 동안 호출한 모양이야. 그러면 안 되는데. 센서를 재조정할게. 우리 그냥... 그냥 내가... 숨 좀 돌리게 해줄래, 알겠지?"
Tony,"가지 마, 알겠지? 페퍼?"
Tony,안녕.
Tony,음... 그거 켜둘래?
Tony,"일요일 밤 PBS '다운튼 애비'야. 그의 쇼야, 우아하다고 생각하거든. 한 가지 더... 모두가 배지를 착용하게 해. 그는 그런 것에 까다로워, 게다가 내 사람들은 배지 없이는 아무도 들여보내지 않을 거야."
Tony,"그게 네가 원하는 거야? 여기 만다린에게 보내고 싶었던 작은 휴일 인사가 있어. 지금까지 어떻게 표현해야 할지 몰랐을 뿐이야. 내 이름은 토니고, 난 너를 두려워하지 않아. 넌 겁쟁이라는 걸 알아, 그래서 난 네가 이미 죽었다고 결정했어, 친구. 난 네 시체를 가지러 갈 거야. 여기엔 정치가 없어. 그저 옛날식 복수일 뿐이지. 펜타곤도 없어. 그저 너와 나뿐이야. 그리고 혹시 네가 남자라면, 여기 내 집 주소야: 10-8-80, 말리부 포인트, 9-0-2-6-5. 문은 열어둘게. 이게 네가 원하던 거지? 청구서는 나한테 보내."
Tony,"좋아, 여기 뭐가 있나 보자. 그의 이름은 고대 중국 전쟁 망토야, '왕의 조언자'란 뜻이지. 남미 반란 전술, 침례교 설교자처럼 말해. 여기엔 많은 과시가 있어... 많은 연극성이 있지. 가까워."
Tony,중국 극장 3마일 반경 내에서 폭탄 부품이 발견되지 않았어.
Tony,"말해봐, 해피. 폭탄이 폭탄이 아닐 때는 언제지? 폭탄이 폭탄이 아닐 때는 언제야? 군인 피해자는 있어?"
Tony,"열발생 서명을 다시 불러와, 3000도를 고려해."
Tony,만다린 공격이 있었던 곳을 모두 제외해. 아니야. 저거야. 저게 그의 것이 아니라고 확신해?
Tony,그녀를 돌려봐.
Tony,"군인 두 명이네. 테네시에 가본 적 있어, 자비스?"
Tony,"아직도 '딩동'이야? 우린 완전 보안 봉쇄 상태여야 해. 어서, 난 테러리스트를 위협했다고. 저게 누구야?"
Tony,거기서 멈춰.
Tony,"당신은 만다린이 아니군요, 그렇죠? 그렇죠?"
Tony,"개인적으로 받아들이지 마세요, 난 아침에 뭘 먹었는지도 기억 못 해요."
Tony,맞아요.
Tony,"보통은 그런 거에 넘어갈 텐데, 지금은 약혼 관계에 있거든요. 그녀와요."
Tony,"그래, 마야 한센이야. 예전에 알던 식물학자 친구야, 겨우 알 정도로. 제발 차에서 기다리고 있는, 내가 한 번도 만난 적 없는 12살 아이가 있다고 말하지 마."
Tony,뭐... 뭐 때문에? 왜 지금?
Tony,난 괜찮을 거야.
Tony,우린 그러지 않았어.
Tony,그녀는 정말 그렇지 않아.
Tony,그래.
Tony,멋진 밤이었지.
Tony,뭐라고?
Tony,"좋아, 우린 이미 이 얘기를 했어. 아니야."
Tony,이 사람이 안 된다고 하잖아.
Tony,자기야...
Tony,미안해. 그건 끔찍한 생각이야. 제발 그녀의 가방을 만지지 마.
Tony,난 밖에서 널 보호할 수 없어. 내가 도전했어...
Tony,"그래, 이게 정상이야!"
Tony,"큰 토끼일 뿐이야, 진정해!"
Tony,이걸 너를 위해 샀어.
Tony,넌 아직도 이게 마음에 든다고 말하지 않았잖아!
Tony,난 세 번이나 물어봤어... 마음에 들지 않아?!
Tony,안 된다고 했잖아.
Tony,뭐라고?
Tony,"난 널 먼저 잡았어. 내가 말했듯이, 우린 여기 있을 수 없어. 움직여! 내가 바로 뒤에 있어! 그녀를 데려가, 난 다른 길을 찾을게. 멈추지 마! 그녀를 데려가, 밖으로 나가! 가!"
Tony,"자비스, 내 비행 동력은 어디 있어?!"
Tony,하나.
Tony,둘.
Tony,"좋아, 경보를 꺼. 내가 처리했어."
Tony,"눈이 오고 있지, 그렇지? 우리 어디야, 북부?"
Tony,"왜?! 자비스! 내 생각이 아니었어! 우리가 여기서 뭘 하고 있는 거야? 여긴 수천 마일이나 떨어져 있어, 난 페퍼에게 가야 해, 난..."
Tony,누가 너한테 물어봤어? 슈트를 열어.
Tony,강제 이젝트. 차갑군! 아마 난 잠깐 다시 들어가 있을게.
Tony,"자비스. 자비스? 날 떠나지 마, 친구."
Tony,"페퍼, 나야. 사과할 게 많은데 시간이 별로 없어. 그래서 우선, 널 위험에 빠뜨려서 정말 미안해. 그건 이기적이고 바보 같은 짓이었고 다시는 그러지 않을 거야. 그리고, 크리스마스 시즌이야, 토끼가 너무 커. 끝. 미안해. 그리고 미리 사과하는데... 난 아직 집에 갈 수 없어. 이 녀석을 찾아야 해. 넌 안전해야 해. 그게 내가 아는 전부야. 난 방금 나무 인디언에게서 판초를 훔쳤어. 널 편하게 해줄게. 이제 행복해?"
Tony,날 잡았군. 멋진 감자총이야. 총열이 좀 길어. 그것과 넓은 게이지 때문에 FPS가 줄어들 거야. 그리고 이제 넌 탄약이 떨어졌어.
Tony,"전자석이야. 알아야 할 텐데, 네가 여기 한 상자 가지고 있잖아."
Tony,"기술적으로는, 그래."
Tony,타당한 지적이야.
Tony,"인생이지. 내가 그를 만들었고, 돌보고 있고, 고칠 거야."
Tony,그래.
Tony,이제 아이언 패트리어트야.
Tony,"아니, 그렇지 않아."
Tony,역반사 패널?
Tony,스텔스 모드를 원해?
Tony,사실 좋은 아이디어야. 아마 하나 만들어볼게.
Tony,"좋은 생각이 아니야! 뭐 하는 거야? 그의 손가락을 부러뜨릴 거야? 그는 고통 받고 있어, 다쳤다고. 그냥 놔둬."
Tony,"그래? 걱정하지 마, 내가 고칠게. 그래서, 음, 집에 누구 있어?"
Tony,"음. 그런 일이 있지, 아빠들은 떠나. 그것 때문에 겁쟁이가 될 필요는 없어. 여기 내가 필요한 거야: 노트북, 디지털 시계, 휴대폰, 저기 바주카에서 공압 액추에이터, 마을 지도, 큰 스프링, 그리고 참치 샌드위치."
Tony,구원이지. 그 녀석 이름이 뭐야?
Tony,"학교에서 널 괴롭히는 애, 이름이 뭐야?"
Tony,"딱 좋은 게 있어. 이건 크리켓용 피냐타야. 농담이야, 아주 강력한 무기지. 얼굴에서 멀리 떨어뜨리고, 위에 있는 버튼을 눌러. 이건 괴롭힘을 막아줘. 비치명적이야, 그냥 안전을 위해서. 거래 성립? 거래? 뭐라고 했어?"
Tony,거래? 네 이름이 뭐야?
Tony,정비공. 토니. 내 머릿속에 계속 맴도는 게 뭔지 알아? 내 샌드위치는 어디 있지?
Tony,"페퍼, 나야. 사과할 게 많은데 시간이 별로 없어. 그래서 우선, 널 위험에 빠뜨려서 정말 미안해. 그건 이기적이고 바보 같은 짓이었고 다시는 그러지 않을 거야."
Tony,"샌드위치는 괜찮았고, 스프링은 좀 녹슬었고, 나머지 재료들은 어떻게든 해볼게. 그나저나, 네 여동생이 시계를 가지고 있다고 했을 때, 난 그것보다 좀 더 나은 걸 기대했어."
Tony,"아마 영원히, 그것에 대해 진정해."
Tony,"모르겠어, 나중에. 이봐 꼬마,"
Tony,채드 데이비스를 포함해서?
Tony,그래. 그건 말이 안 돼. 생각해 봐. 6명이 죽었는데 그림자는 5개뿐이야.
Tony,그걸 믿어?
Tony,모르겠어. 난... 관심 없어.
Tony,그건 조종하는 거야. 그것에 대해 말하고 싶지 않아.
Tony,아마도. 그만할 수 있어? 내가 불안 증세가 있다고 말했던 거 기억해?
Tony,"그래, 조금. 잠깐 숨 좀 돌릴 수 있을까?"
Tony,아니.
Tony,아마도.
Tony,그렇게 생각하지 않아.
Tony,"그만하라고 했던 거 기억나? 맹세코, 날 겁먹게 할 거야! 아, 젠장, 결국 했구나, 그렇지? 이제 행복해?"
Tony,"네 잘못이야, 날 당황하게 만들었잖아. 좋아, 다시 일로 돌아가자. 어디까지 했지? 죽은 사람... 친척? 엄마? 데이비스 부인, 그녀는 어디 있어?"
Tony,"봐, 이제 도움이 되는구나. 미안해. 부인, 이거..."
Tony,"멋진 헤어컷이네요, 잘 어울려요."
Tony,"그래, 한정판이죠."
Tony,"데이비스 부인, 제가 같이 앉아도 될까요?"
Tony,확실히 그렇죠.
Tony,당신의 손실에 대해 정말 죄송하다는 말씀을 드리고 싶어요. 무슨 일이 있었다고 생각하시는지 알고 싶습니다.
Tony,분명히 다른 사람을 기다리고 계시네요. 그렇죠? 여기서 누굴 만나기로 하셨나요?
Tony,"데이비스 부인, 당신 아들은 자살하지 않았어요, 장담합니다. 그는 아무도 죽이지 않았어요. 누군가가 그를 이용했죠."
Tony,무기로요.
Tony,"이봐 핫윙, 파티하고 싶어? 너랑 나, 가자. 미쳤지, 안 그래?"
Tony,"이거 봐. 넌 이걸 자초했어, 난 너보다 더 뜨거운 여자들과 데이트해봤다고."
Tony,"자기야, 그게 내 자서전 제목이 될 수 있겠네."
Tony,"네 잘못이 아니야, 꼬마. 내가 괴롭힘꾼들에 대해 말했던 거 기억해. 그거 좋아해, 웨스트월드? 똑똑한 사람들의 특징이 뭐냐면, 우리는 항상 뒷배를 챙긴다는 거지."
Tony,뭐 때문에? 내가 뭘 놓쳤나?
Tony,"그래. A, 널 먼저 구했어. B, 고마워, 일종의. 그리고 C, 누군가에게 도움을 줬다면 바보같이 굴지 마, 알겠어? 그냥 쿨하게 행동해, 안 그러면 과대망상적으로 보일 거야."
Tony,"내가 필요한 건 네가 집에 가서 엄마랑 있고, 입 다물고, 슈트를 지키고 전화기에 연결되어 있는 거야. 내가 전화하면 꼭 받아야 해. 알겠어, 느껴지나? 우린 여기서 끝났어. 비켜, 안 그러면 널 치고 갈 거야. 잘 가, 꼬마. 미안해, 꼬마, 잘했어."
Tony,"그래. 잠깐, 너 날 죄책감 들게 하는 거지, 그렇지?"
Tony,알 수 있어. 어떻게 알 수 있는지 알아? 우리가 연결되어 있거든.
Tony,"이런. 해피, 해피, 해피-"
Tony,여자가 네 위에 올라타 있는데 올려다보니 갑자기 그녀가 안에서부터 밝은 주황색으로 빛나는 걸 본 적 있어?
Tony,"나야, 친구. 지난번에 내가 실종됐을 때, 기억이 맞다면, 넌 날 찾으러 왔잖아. 뭐하고 있어?"
Tony,"네 리디자인, 네 대대적인 리브랜딩, 그게 AIM이었지, 맞지?"
Tony,"지금 당장 고성능 통신 위성을 찾을 거야, 네 로그인이 필요해."
Tony,그리고 비밀번호도 부탁해.
Tony,"지금은 80년대가 아니야, 아무도 '해킹'이라고 말하지 않아. 네 로그인을 줘."
Tony,그게 '아이언 패트리어트'보다 훨씬 낫네.
Tony,그건 안 될 거야.
Tony,쉿.
Tony,쉿. 조용히 해.
Tony,"아니, 그는 아니야."
Tony,들어와. 문 닫아. 쉿...
Tony,그래.
Tony,"좋아. 먼저, 이게 네 밴이야? 다른 사람이 올 거야?"
Tony,좋아. 네 이름이 뭐야?
Tony,게리?
Tony,거기 서 있으면 돼.
Tony,"알겠어? 이런 일 많이 겪어, 괜찮아."
Tony,뭘 원해?
Tony,괜찮아.
Tony,맞아.
Tony,히스패닉계 스콧 바이오. 미안해. 그게 나야?
Tony,"게리. 내 말 들어, 알겠어? 네 날개를 자르고 싶지 않아. 우리 둘 다 좀 흥분했어. 내게 문제가 있어. 난 나쁜 놈들을 쫓고 있어. 암호화된 데이터 파일에서 뭔가를 좀 가져오려고 하는데 전력이 부족해. 네가 지붕에 올라가서... 맞지? ISDN을 재조정해. 40% 정도 올려줘."
Tony,알겠지? 이건 임무야.
Tony,토니에겐 게리가 필요해.
Tony,조용히 해. 가.
Tony,"폭탄이 불발일 때는 폭탄이 아니지. 그 물건이 항상 작동하는 건 아니야. 맞지, 친구? 결함이 있지만, 넌 구매자를 찾았어, 그렇지? 만다린에게 팔았구나. 잡았다, 친구."
Tony,"할리, 무슨 일이 일어나고 있는지 말해봐. 전체 보고해."
Tony,얼마나 마셨어?
Tony,아직도 똑바로 볼 수 있어?
Tony,"그럼 괜찮은 거야. 자비스 줘. 자비스, 어떻게 됐어?"
Tony,"어디를 말하는 거야? 극동, 유럽, 북아프리카, 이란, 파키스탄, 시리아? 어디야?"
Tony,"좋아, 꼬마, 자비스의 음성 드라이브를 재부팅하는 방법을 알려줘야 할 것 같은데, 지금은 아니야. 할리, 그는 정말 어디 있어? 그냥 화면을 보고 어디 있는지 말해줘."
Tony,"좋아, 우선 갑옷이 필요해. 어디까지 됐어?"
Tony,"전기에 대해 뭐가 의문스러워? 알겠어? 이건 내 슈트고, 난 할 수 없어... 난 하지 않을 거야... 난 원하지 않아... 오, 세상에, 또 이러네."
Tony,"맞아, 그리고 넌 방금 그걸 부인하면서 이름으로 말했어."
Tony,"세상에, 난 어떡하지?"
Tony,맞아.
Tony,"그래, 그랬어."
Tony,"좋아. 고마워, 꼬마."
Tony,이봐!
Tony,움직이지 마.
Tony,뭐라고?
Tony,"충분히 들었어. 넌 그가 아니야. 만다린, 진짜 놈. 어디 있어? 만다린은 어디 있어?"
Tony,무슨 뜻이야?
Tony,그래?
Tony,"단순하게 말해. 숙녀분들, 나가세요. 침대에서 나와. 화장실로 가세요. 앉아."
Tony,"넌 뭐야? 뭐야, 유인물? 넌 대역이지, 맞지?"
Tony,1분 남았어. 말해.
Tony,"그럼 어떻게 여기 왔어, 트레버?"
Tony,다음은?
Tony,뭐라고 했어? 널 끊게 해준대?
Tony,방금 졸았어? 이봐.
Tony,그'? 킬리언?
Tony,그가 널 만들었어?
Tony,맞춤형 테러 위협이라.
Tony,네 연기? 사람들이 죽은 곳에서?
Tony,"미안하지만, 내 친구가 혼수상태에 빠져서 깨어나지 못할 수도 있어. 그러니 넌 그에 대해 답해야 할 거야. 넌 여전히 끝장날 거야, 친구. 알겠어..."
Tony,아... 좋아.
Tony,"오, 그래. 집타이로. 재밌겠네."
Tony,좋아. 그래서 넌 킬리언의 카드를 가져갔군.
Tony,그리고 여기 13년 후에 지하 감옥에 있네.
Tony,그래.
Tony,그래?
Tony,"난 그렇지 않다고 말하고 있어. 난 거리에 있어. 사람들이 펑펑 터지고 있어. 벽에 칠하고 있어. 마야, 넌 자신을 속이고 있어."
Tony,내가 그랬어?
Tony,그 밤은 기억나는데 아침은 기억이 안 나. 이게 네가 쫓아다니던 거야?
Tony,난 널 도울 수 없어. 넌 예전엔 도덕적 심리학을 가지고 있었어. 이상을 가지고 있었지. 사람들을 돕고 싶어 했어. 지금 널 봐. 난 매일 아침 영혼을 아직 가지고 있는 사람과 함께 일어나. 날 여기서 꺼내줘. 어서.
Tony,아직도 스위스 일로 화났어?
Tony,"솔직히, 난 아직도 첫 번째 쥐에게 무슨 일이 일어났는지 알아내려고 하고 있어."
Tony,넌 정말 대단해.
Tony,그래. 로렌스 올리비에 경이지.
Tony,네 세상에서 다음은 뭐야?
Tony,넌 미치광이야.
Tony,"조심해. 한정판이라고. 야, 포니테일 익스프레스. 테네시에서 마이애미까지 거리가 얼마지?"
Tony,아주 좋아.
Tony,부수면 사는 거야.
Tony,"좋아, 그건 내가 줄 수 있는 게 아니었어. 내 친구 여동생 거야. 그래서 널 먼저 죽일 거야."
Tony,두고 봐.
Tony,"믿어, 5, 4, 3초 안에 넌 바닥에 피 웅덩이로 누워있을 거야... 어서! 2..."
Tony,"좋아, 탈출할 기회를 줄게. 무기를 내려놔. 그 의자에 스스로를 묶어. 살려줄게. 5, 4, 빵!"
Tony,넌 이미 가버렸어야 해. 벌써 사라졌어야 한다고.
Tony,"여기 온다. 3, 4..."
Tony,"5, 4, 3, 2, 1! 말했잖아. 나머지는 어디 있어? 나머지는?"
Tony,"아! 늦는 것보단 낫지. 이번엔 아니야. 얼굴은 안 돼. 휴! 돌아와서 좋아. 그나저나, 안녕."
Tony,"아! 가자! 아, 젠장."
Tony,"로디, 그 슈트 안에 있는 게 너라고 말해줘."
Tony,"어... 음. 그런 셈이지. 메인 하우스로, 최대한 빨리. 네게 소개하고 싶은 사람이 있어."
Tony,방은 안전해. 만다린을 보고 있어.
Tony,넌 뭘로 온 거야?
Tony,사람들이 다쳤다는 걸 몰랐어. 그들이 날 속였어.
Tony,"그래, 알아. 좀... 창피하네."
Tony,"이렇게 되는 거야, 메릴 스트립."
Tony,말해.
Tony,뭐? 아니. 하지만 해안가에서 일어나고 있다는 건 알아. 큰 배와 관련이 있어. 거기로 데려갈 수 있어.
Tony,"오, 그리고 이 다음 부분에는 부통령도 포함될 수 있어. 그게... 그게 중요해?"
Tony,그래서?
Tony,"맞아. 이봐, 링고. '멋진 스피드보트'에 대해 뭐라고 하지 않았어? 그가 위치에 대해 맞다면, 우린 페퍼가 있는 곳에서 20분 거리에 있어."
Tony,맞아. 내가 지금 누구한테 전화하고 있는지 궁금하네. 오! 부통령이야.
Tony,"각하, 토니입니다."
Tony,당신이 만다린 캠페인에 휘말릴 것 같습니다. 최대한 빨리 안전한 곳으로 모셔야 합니다.
Tony,제가 입고 있는 슈트는요?
Tony,그걸로 해야겠네요.
Tony,대통령입니다. 지금 당장요.
Tony,"거기서 물러나, 개자식아. 공중에 몇 명이나 있어?"
Tony,내가 몇 명을 운반할 수 있지?
Tony,"천천히. 천천히, 진정해. 네 이름이 뭐야? 헤더?"
Tony,내 말 들어. 저 사람 보이지? 내가 지나갈 테니까 넌 그를 잡기만 하면 돼. 알겠어?
Tony,"네 팔에 전기를 통하게 할 거야, 손을 열 수 없을 거야. 우리가 할 수 있어, 헤더. 쉬워, 봐? 11명 더 남았어. '배럴 오브 몽키스'라는 게임 기억나? 우리가 지금 그걸 할 거야."
Tony,"어서, 사람들. 모두 자기 원숭이를 잡아. 좋아."
Tony,"어서, 사람들. 어서, 어서, 어서! 그래!"
Tony,"그는 뚱뚱한 원숭이네, 잡자. 안녕."
Tony,"잘했어, 여러분! 훌륭해. 좋은 팀워크였어. 우리 모두. 좋아, 자비스. 하지만 반밖에 안 됐어. 아직 페퍼를 구해야... 저건 갑자기 나타났네. 와우."
Tony,다들 살아남은 것 같아.
Tony,"그래, 하지만 대통령은 놓쳤어."
Tony,"어... 자비스, 그 시간이야?"
Tony,맞아.
Tony,아니길 바라.
Tony,바이킹 장례식. 공개 처형.
Tony,그래. 내가 뭘 해야 하지?
Tony,"6, 높이, 뒤로. 알겠어. 봤어? 완벽하게 맞췄어."
Tony,내가 전구를 겨냥했다고 생각해? 이 거리에서 전구를 맞출 순 없어.
Tony,탄창이 비었어. 줘봐. 여분 탄창 있어?
Tony,"내가 뭘 하고 있는지 알아, 이런 거 만드는 사람이라고. 다른 거 줘."
Tony,네 것 중 하나 줘.
Tony,"넌 5개나 있잖아. 내가 이렇게 할 거야. 내 자리 지켜줘, 준비됐어?"
Tony,"너무 빨라. 아무것도 없어. 여기 간다. 남자 셋, 여자 하나, 모두 무장."
Tony,네 말이 맞아. 우리한테 백업이 필요해.
Tony,있잖아?
Tony,그래.
Tony,"그래. 메리 크리스마스, 친구. 자비스, 엑스트리미스 열 서명을 목표로 해. 극단적으로 무력화시켜."
Tony,뭘 기다리고 있어? 크리스마스잖아. 교회로 데려가.
Tony,"들어온다! 자비스, 이고르한테 이걸 안정시키라고 해."
Tony,"모두에겐 취미가 필요하지. 하트브레이커, 레드 스내퍼 좀 도와줘, 그래? 타이밍 좋았어."
Tony,"오, 미안해, 그것들은 나한테만 코딩되어 있어."
Tony,내가 커버할게.
Tony,때맞췄네.
Tony,내 전 여자친구들이랑 어울리면 이런 일이 생기는 거 봐?
Tony,"그래. 저녁 먹으면서 얘기하자. 어서. 조금만 더, 자기."
Tony,"그래, 잠깐 쉬어. 자비스, 지금 당장 슈트 하나 줘! 오, 제발!"
Tony,잘했어.
Tony,"페퍼, 잡았어. 진정해, 잡았어. 날 봐! 자기야, 더 이상 손을 뻗을 수 없어, 넌 거기 있을 수 없어. 알겠지? 놓아야 해. 놓아! 내가 잡을게, 약속해. 안 돼!"
Tony,이젝트.
Tony,이런. 탕자가 돌아왔군. 뭐든지.
Tony,"좋아, 좋아, 잠깐, 잠깐, 잠깐! 천천히! 천천히! 네 말이 맞아. 난 그녀를 받을 자격이 없어. 여기서 네가 틀렸어. 그녀는 이미 완벽했어. 자비스, 부탁인데 마크 42를 폭파시켜."
Tony,"아무것도 없어. 자비스, 12시 방향의 대상은 목표물이 아니야, 공격 중지! 뭐? 오, 뭐야, 나한테 화났어? 자기야?"
Tony,방금 날 놀래켰어. 넌 그런 줄 알았어...
Tony,아직 논란의 여지가 있지. 아마 네 쪽으로 기울어지고 있을 거야. 집에서 왜 이렇게 안 입어? 음? 스포츠 브라. 전부 다.
Tony,"글쎄, 나잖아. 뭔가 생각해낼 거야. 이리 와."
Tony,걱정하지 마.
Tony,"아니, 아니야. 뜨겁지 않아."
Tony,"아니. 넌 나와 관계에 있어. 모든 게 절대 괜찮지 않을 거야. 하지만 이걸 해결할 수 있을 것 같아, 그래. 20년 전에 술 취했을 때 거의 해냈었어. 널 더 좋게 만들 수 있을 것 같아. 그게 내가 하는 일이야. 난 물건을 고치지."
Tony,어... 좀 다듬어볼게. 자비스. 이봐.
Tony,뭘 해야 할지 알지.
Tony,"뭐, 크리스마스니까. 그래, 그래. 좋아, 지금까지는? 마음에 들어?"
Tony,"누군가와 내 모든 친밀한 생각과 경험을 공유할 수 있다는 건, 그 무게를 반으로 줄여주지. 알잖아, 마치 자기 꼬리를 삼키는 뱀 같아. 모든 게 완전한 원을 이루는 거야. 그리고 네가 날 도와 이걸 처리할 수 있었다는 사실이... 듣고 있어?"
Tony,적극적으로 낮잠 자고 있는 거야?
Tony,어디서부터 놓쳤어?
Tony,그러니까 아무것도 못 들었다는 거야?
Tony,그래서?
Tony,뭐? 시간?
Tony,"있잖아? 지금 생각해보니... 오! 세상에, 내 원래 상처. 1983년, 맞아?"
Tony,"난 14살이었고, 아직도 유모가 있었어. 그건 좀 이상했지."
Tony,젠장!
Tony,잠깐만. 캡이 방금 '언어'라고 한 걸 아무도 신경 쓰지 않을 거야?
Tony,"글쎄, 스트러커는 민간인 사상자에 대해 신경 쓰지 않을 거야. 아이언 레기온을 보내."
Tony,"접근 중이야. 자비스, 내가... 접근하고 있어? 그 방패의 전원을 볼 수 있어?"
Tony,"좋아, 뭔가로 찌르고 싶어. 도개교가 내려왔어, 여러분."
Tony,"그리고 제발, 언어 조심해!"
Tony,"여러분, 멈춰, 이걸 얘기해봐야 해. 좋은 대화였어."
Tony,"보초 모드. 좋아, 자비스. 내가 전부 원한다는 거 알지. HQ에 있는 힐에게도 꼭 복사해 줘."
Tony,"파일보다 더 많은 걸 숨기고 있다는 걸 알아. 자비스, 방의 적외선 스캔 빨리 해줘."
Tony,"제발 비밀 문이길, 제발 비밀 문이길, 제발 비밀 문이길... 야호!"
Tony,"그래, 난... 더 큰 걸 발견했어. 토르, 목표물을 발견했어."
Tony,"헤이 배너, 조 박사가 서울에서 오고 있는데, 네 연구실에 세팅해도 될까?"
Tony,고마워. 모든 걸 준비하라고 해. 바튼이 전체 치료가 필요할 거야.
Tony,"자비스, 조종해."
Tony,"기분 좋지, 그렇지? 쉴드가 무너진 이후로 이걸 쫓아다녔잖아. 우리의 작은 습격 파티들이 즐겁지 않았다는 건 아니지만..."
Tony,배너와 내가 아스가르드로 돌려보내기 전에 한 번 살펴볼게. 괜찮지? 작별 파티까지 며칠 남았잖아. 너 남을 거지?
Tony,그래. 누가 연회를 싫어하겠어. 캡틴?
Tony,"어, 사실, 그가 보스야. 난 그저 모든 걸 지불하고, 디자인하고, 모두를 더 멋져 보이게 만들 뿐이야."
Tony,"오, 불행히도, 그는 여전히 바튼이야."
Tony,"괜찮아. 목마르대. 좋아. 정신 차려, 자비스. 놀 시간이야. 이 조이스틱으로 며칠밖에 못 놀아, 최대한 활용하자. 구조 및 구성 분석 업데이트해줘."
Tony,그러니까 분석할 수 있는 요소들이 있다는 거지.
Tony,원자로처럼?
Tony,"오, 그의 심장이 멎었어. 선언해. 시간?"
Tony,여기 음료 있어.
Tony,"글쎄, 그게 바로 계획이야. 그리고 헬렌, 토요일 파티에서 널 볼 수 있길 바라."
Tony,"그래, 그 홀. 보다시피, 우리는 스트러커가 어떻게 그렇게 창의적이 됐는지 궁금해했어. 그래서 난 그 안의 보석을 분석해봤는데 - 알아볼 거야."
Tony,처음에 자비스는 그저 자연어 UI였어. 지금은 아이언 레기온을 운영하고 있지. 페퍼 다음으로 사업을 가장 많이 운영하고 있어.
Tony,최고급이지.
Tony,경쟁자를 만나봐.
Tony,"추측해봐야 한다면, 뭘 하는 것 같아?"
Tony,음-음.
Tony,스트러커의 연구실에서 꽤 고급 로봇 공학 작업을 봤어. 데이터는 삭제했지만... 아마 그가 아주 특별한 문을 두드리고 있었을 거야.
Tony,"이게 바로 그거일 수 있어, 브루스. 울트론을 만들 수 있는 열쇠일 수 있어."
Tony,어제까지는 그랬지. 이 힘을 이용해서 내 아이언 레기온 프로토콜에 적용할 수 있다면.
Tony,우리 일은 '만약'이야. 만약 네가 햇볕 쏟아지는 해변에서 초록색이 아닌 갈색으로 변하며 마가리타를 마시고 있다면? 베로니카를 의식하지 않고 말이야.
Tony,"최악의 경우를 대비한 거잖아, 그렇지? 최선의 경우는 어때? 만약 세상이 안전하다면? 만약 다음에 외계인들이 나타났을 때 - 그들은 나타날 거야 - 문지기를 통과하지 못한다면?"
Tony,"이걸 울트론 프로그램에 적용하고 싶어. 하지만 자비스는 이렇게 복잡한 데이터 도식을 다운로드할 수 없어. 홀이 여기 있는 동안만 할 수 있어, 3일이야, 3일만 줘."
Tony,"맞아. 그래, 알지. 왜냐하면 우리에겐 시청 토론할 시간이 없거든. '인간은 간섭하면 안 된다'는 노래는 듣고 싶지 않아. 난 세계를 둘러싼 갑옷을 봐."
Tony,더 차가운 것도 봤어. 이 취약한 파란 것? 울트론이 필요해. 우리 시대의 평화. 상상해 봐. 뭘 놓쳤지?
Tony,"고마워, 친구."
Tony,항상 그래.
Tony,우리 시대의 평화.
Tony,아니.
Tony,"글쎄, 포츠 양은 회사를 운영해야 하니까."
Tony,그리고 페퍼가 운영하는 회사는 지구상에서 가장 큰 기술 복합기업이야. 꽤 흥미롭지.
Tony,어서.
Tony,"클린트, 힘든 한 주 보냈잖아. 일어서지 못해도 우리가 뭐라고 하진 않을 거야."
Tony,조용한 판단이 느껴지나?
Tony,정직한 도전을 피한 적 없지.
Tony,물리학이야.
Tony,"그래, 그러니까 내가 들어올리면... 내가 아스가르드를 다스리는 거야?"
Tony,초야권을 재도입할 거야. 금방 돌아올게.
Tony,너 내 편이야?
Tony,"좋아, 가자!"
Tony,"스티브, 가봐, 부담 갖지 마."
Tony,그래서?
Tony,"왕이 되지 않으려는 사람에 대한 존경을 표하지만, 이건 조작됐어."
Tony,"손잡이에 지문이 새겨져 있잖아, 그렇지? 보안 코드처럼. '토르의 지문을 가진 자'가 직역이겠지?"
Tony,자비스.
Tony,"레지오네어 OS 재부팅, 버그 있는 슈트가 있어."
Tony,"잠깐만, 잠깐만, 내가 할게!"
Tony,어서! 저게 바로 그거야!
Tony,"그래, 있었지."
Tony,"어서. 말해봐, 친구."
Tony,"아니. 아마 그렇지 않을 거야, 그렇지? 이게 매우 끔찍한가? 그렇게... 그렇게... 그래. 정말 끔찍해."
Tony,"아니, 미안해. 미안해. 웃긴 일이야. 우리가 왜 이게 필요한지 이해 못하는 게 재밌어."
Tony,정말?! 그게 다야? 누군가 으르렁거릴 때마다 그냥 굴복하고 배를 보이는 거야?
Tony,우리는 안 했어. 우리는 가까이도 가지 못했어. 인터페이스에 가까웠나?
Tony,누구 기억나? 내가 웜홀을 통해 핵무기를 운반했던 거?
Tony,뉴욕을 구했잖아?
Tony,"기억나? 적대적인 외계 군대가 우주의 구멍을 통해 쏟아져 나왔어. 우리는 그 아래 300피트에 서 있어. 우리는 어벤저스야. 우리는 하루 종일 무기 밀매상들을 때려눕힐 수 있지만, 저 위에 있는 건? 그건... 그건 최종 게임이야. 너희들은 어떻게 그걸 이기려고 계획했어?"
Tony,우리는 질 거야.
Tony,이게 뭐지?
Tony,그리고 그는 우리를 위해 범죄 현장에 뱅크시 스타일로 그림을 남겼어.
Tony,모든 게 다는 아니야.
Tony,"잠깐. 난 그 녀석을 알아. 옛날부터. 아프리카 해안에서 활동해, 암시장 무기 거래상이야. 규칙이 있다고, 알겠어? 사람들을 만나지만, 난 그에게 아무것도 팔지 않았어. 그는 뭔가 새로운 걸, 게임 체인저를 찾는다고 말했어, 완전 '에이헙' 스타일이었지."
Tony,"어, 그건 문신이야. 그가 그걸 가지고 있었다고 생각하진 않아..."
Tony,이 녀석이 와칸다에서 그들의 무역품을 가지고 나왔다면...
Tony,지구에서 가장 강한 금속이지.
Tony,"아, 주니어. 네 아버지의 마음을 아프게 할 거야."
Tony,그가 나보다 1초 빨랐어.
Tony,이건 내 삶이 아니었어.
Tony,그래. 비브라늄은 뭐에 쓰려고?
Tony,그리고 넌 어디로도 가지 못해.
Tony,"뉴스나 영상, 키워드: 헐크. 나타샤, 자장가가 정말 필요해."
Tony,"베로니카를 부르고 있어. 좋아 모두, 물러서! 듣고 있어? 그 작은 마녀가 네 정신을 가지고 노는 거야. 넌 그녀보다 강하고, 더 똑똑해, 넌 브루스 배너야."
Tony,"맞아, 맞아, 맞아! 약한 배너는 언급하지 마. 좋아. 뒤에서? 치사한 짓이야, 배너. 베로니카, 도와줘. 자, 잠들어, 잠들어, 잠들어! 좋아, 친구, 널 도시 밖으로 데려갈 거야. 아니, 그쪽이 아니야, 그쪽이 아니라고! 어서, 브루스! 나랑 협조해야 해! 모두 나가! 험악해질 거야! 미안해. 피해 상황 보고해."
Tony,꽤 광범위하군. 뭔가 보여줘. 이 건물을 얼마나 빨리 살 수 있지?
Tony,스타크 구호 재단?
Tony,모두... 우리가 타격을 입었어. 하지만 털어낼 거야.
Tony,"그래서, 도망가고 숨는다고?"
Tony,"우리도 마찬가지야. 헤이, 교대하고 싶어?"
Tony,어디서 몇 시간?
Tony,안전 가옥?
Tony,이건 일종의 요원이군.
Tony,이들은... 더 작은 요원들이네.
Tony,"그래, 우리가 미리 연락했어야 했는데, 당신이 존재하는지 전혀 몰랐거든요."
Tony,토르가 답을 찾으러 어디로 갔는지 말하지 않았어?
Tony,"그래, 시간을 줘. 맥시모프 꼬마가 그에게 뭘 보여줬는지 모르잖아."
Tony,넌 꽤 괜찮아 보이던데.
Tony,난 어두운 면이 없는 녀석을 믿지 않아. 날 구식이라고 부르든 말든.
Tony,"울트론이 우리를 갈라놓으려 한다는 걸 알지, 그렇지?"
Tony,배너와 내가 연구하고 있었어.
Tony,"그게 팀을 끝내게 될 거야. 그게 임무 아니야? 우리가 싸우는 '이유'가 그게 아니야, 싸움을 끝내고 집에 갈 수 있도록?"
Tony,"아, 바튼 부인, 당신 꼬맹이. 알겠어, 마리아 힐이 당신한테 전화했지? 그녀가 당신을 위해 일하지 않은 적이 있기는 해?"
Tony,"들어봐, 오늘 하루가 정말 길었어. 유진 오닐의 연극만큼 길었다고. 그러니 당신이 쓸모 있는 부분으로 넘어가는 게 어때?"
Tony,당신은 내 상관이 아니야.
Tony,"그리고 난 어벤저스를 죽인 사람이야. 그걸 봤어. 팀에게 말하지 않았어, 어떻게 말할 수 있겠어? 그들이 모두 죽는 걸 봤어, 닉. 느꼈다고. 전 세계도 마찬가지야. 이건 다 나 때문이야. 난 준비가 안 됐었어. 할 수 있는 걸 다 하지 않았어."
Tony,"난 속은 게 아니라 보여진 거야. 악몽이 아니었어, 내 유산이었지. 내가 우리를 시작하게 한 길의 끝이었어."
Tony,내 친구들이 죽는 걸 봤어. 그게 최악일 거라고 생각하겠지? 아니야. 그게 가장 나쁜 부분이 아니었어.
Tony,아직도 발사 코드를 쫓고 있어?
Tony,고등학교 때 내기로 펜타곤 방화벽을 뚫었다고.
Tony,누구에 의해?
Tony,오슬로에 가봐야 할 것 같아. 우리의 '미지의 인물'을 찾아야지.
Tony,사람의 몸이지. 생물학적으로 말하면 인간의 형태는 비효율적이야. 우리는 구식이지. 하지만 그는 계속 그걸로 돌아오더라고.
Tony,"좋아, 순수한 정찰이야. 넥서스에 가볼게, 최대한 빨리 합류하지."
Tony,그는 우리 중 누구보다도 강력할 거야. 어쩌면 우리 모두보다도. 로봇이 설계한 안드로이드라니.
Tony,"그녀는 완전히 네 거야, 보아하니."
Tony,"울트론보다 빠른 해커? 그는 어디에나 있을 수 있어. 그리고 이곳이 모든 것의 중심이니, 난 그저 세계에서 가장 큰 건초 더미에서 바늘을 찾는 사람일 뿐이야."
Tony,"아주 간단해. 자석을 가져오면 돼. 오, 난 핵 코드를 해독하고 있고 넌 그걸 원하지 않아. 어서 와서 날 잡아봐."
Tony,"못 들었어. 하지만 그녀가 살아있다면, 울트론이 우리 얼굴에 비벼대고 있겠지."
Tony,음. 나타샤가 인터넷 밖에서 메시지를 남길 가능성은 없을까? 구식 스파이 방식으로?
Tony,"그래, 그것에 대해서 말인데."
Tony,날 믿어야 해.
Tony,우리의 동맹? 군대의 핵 코드를 보호하는 그 녀석? 내가 찾았어.
Tony,"울트론이 자비스를 공격한 건 화가 나서가 아니야. 그가 할 수 있는 일이 두려워서 공격한 거야. 그래서 자비스는 지하로 숨었어. 알겠어? 흩어지고, 기억을 버렸지. 하지만 프로토콜은 아니야. 내가 그를 조각조각 맞출 때까지 그는 자신이 거기 있는지도 몰랐어."
Tony,"아니, 물론 아니지! 난 자비스를 이 안에 넣는 걸 돕고 싶어. 우리는 내 전문 분야를 벗어났어. 넌 생체 유기체를 누구보다 잘 알잖아."
Tony,"자비스는 알지도 못한 채 내부에서 그를 이기고 있었어. 이건 기회야, 우리는 울트론의 완벽한 자아를 만들 수 있어. 그가 자신의 승리 성격이라고 생각하는 살인적인 결함 없이 말이야. 우리는 해야 해."
Tony,"알아, 알아. 모두가 뭐라고 할지 알아. 하지만 그들은 이미 그렇게 말하고 있어. 우리는 미친 과학자야. 우리는 괴물이라고, 친구. 그걸 인정해야 해. 입장을 정해."
Tony,이건 루프가 아니야. 이건 종착점이야.
Tony,이 프레임워크는 호환되지 않아.
Tony,넌스'는 어때?
Tony,"아니, 그건 안 돼."
Tony,그건 앞으로 올 일에 비하면 아무것도 아니야!
Tony,업로드 경로를 바꾸고 있어.
Tony,우리는... 자비스의 매트릭스를 재구성해서 새로운 것을 만들었어.
Tony,그는 뭘 기다리고 있는 거지?
Tony,"우리 모두가 이걸 통과할 수 있는 방법은 없어. 주석 병사 하나라도 남아있다면, 우리는 진 거야. 바닥에 피가 흐를 거야."
Tony,내가 그 큰 녀석을 먼저 공격할게. 아이언맨이 그가 기다리는 상대야.
Tony,"모르겠어, 시간이 얼마나 있어?"
Tony,"음. 주스라도 마셨어? 비브라늄 칵테일이라도? 좀, 뭐라고 해야 하나, 부풀어 보이는데..."
Tony,"글쎄, 그게 임무잖아. 잊었어?"
Tony,프라이데이! 비전은?
Tony,프라이데이?
Tony,떨어지면?
Tony,안녕. 좋아. 욕조에 들어가!
Tony,"캡, 적이 오고 있어."
Tony,첨탑은 비브라늄이야. 토르가 치면...
Tony,다른 쪽 끝을 막으면 원자 작용이 되돌아오게 할 수 있을지도.
Tony,"글쎄, 좋은 건 없어. 도시를 폭파시킬 방법은 있을지도. 너희들이 빠져나갈 수 있다면 지표면에 충돌하는 걸 막을 수 있을 거야."
Tony,충격 반경이 매 초마다 커지고 있어. 우리는 선택을 해야 할 거야.
Tony,그래. 살아서 그 얘기를 할 수 있다면 말이야.
Tony,"이걸 통과하면, 내가 네 걸 들어줄게."
Tony,알았어! 열 봉인을 만들어. 난 아래에서 첨탑을 과충전할 수 있어.
Tony,"토르, 계획이 있어!"
Tony,"로디, 나머지 사람들을 그 항공모함에 태워."
Tony,"어벤저스, 일할 시간이야."
Tony,로마노프? 너랑 배너 설마 '호박 숨기기' 하고 있는 거 아니지?
Tony,"이게 계획이야. 울트론이 코어에 손을 대면, 우리는 진 거야."
Tony,"글쎄, 노인네가 말한 것처럼. 함께."
Tony,"놈들을 보내선 안 돼, 하나라도. 로디!"
Tony,모든 걸 재설정해. 우리는 한 번의 기회밖에 없어.
Tony,"토르, 교회로 돌아와야 해."
Tony,"알잖아, 이게 통하면 우리가 살아남지 못할 수도 있어."
Tony,"토르, 내 신호에. 지금!"
Tony,우리는 새로운 것을 다루고 있어.
Tony,기계야.
Tony,아니. 그건 사람이 망치를 드는 것과는 달라.
Tony,"좋은 녀석이지만, 인공적이야."
Tony,여전히 올라갈 거야.
Tony,"글쎄, 네가 떠나지 않으면 그렇지 않겠지."
Tony,트리플 야츠?
Tony,그 사람은 잔디 관리에 전혀 신경 쓰지 않아. 그래도 그리울 거야. 그리고 넌 날 그리워할 거고. 남자다운 눈물이 많이 흐를 거야.
Tony,"그래? 글쎄, 이제 내가 물러날 때가 됐어. 어쩌면 바튼의 책에서 한 페이지를 배워 페퍼에게 농장을 지어줘야 할지도 몰라. 누군가가 폭파시키지 않기를 바라면서 말이야."
Tony,언젠가는 그렇게 될 거야.
Tony,괜찮아?
Tony,이래서 내가 크리스마스에 집에 오는 걸 좋아해... 떠나기 직전에.
Tony,캔디스.
Tony,"좋아, 그러니까 월요일이구나. 그걸 알게 돼서 좋네. 그에 맞춰 토가 파티를 계획해야겠어. 어디 가는 거야?"
Tony,"펜타곤에? 맞지? 걱정 마, 구내식당의 휴일 메뉴를 좋아하게 될 거야."
Tony,"사랑해요, 아빠. 그리고 아빠가 최선을 다했다는 걸 알아요."
Tony,"이렇게 됐으면 좋았을 텐데. 바이너리 증강 레트로 프레이밍, 줄여서 BARF야. 젠장, 이 약어는 좀 손봐야겠어. 해마를 하이재킹해서 트라우마 기억을 지우는 엄청 비싼 방법이지. 흠."
Tony,"그들이 공항에 도착하지 못했다는 사실을 바꾸진 못해... 또는 내가 슬픔을 처리하지 않으려고 했던 모든 일들을. 하지만... 게다가, 내 작은 치료 실험에 6억 1100만 달러라고? 제정신인 사람이라면 아무도 이걸 지원하지 않았을 거야."
Tony,"도와줘, MIT의 사명이 뭐지? '지식을 생성하고, 전파하고... 보존하는 것. 그리고 다른 이들과 협력하여... 세계의 위대한 도전에 맞서는 것.' 글쎄, 여러분이 바로 그 다른 이들이에요. 그리고 조용히 말하자면... 여러분이 직면한 도전은 인류가 지금까지 알고 있는 것 중 가장 큰 것이죠. 게다가, 여러분 대부분은 빈털터리고요."
Tony,"오, 미안해요. 아니, 여러분은 그랬죠. 지금 이 순간부터... 모든 학생이 9월 재단 보조금의 동등한 수혜자가 되었습니다. 즉... 여러분의 모든 프로젝트가 승인되고 자금을 지원받게 되었다는 뜻이에요."
Tony,"조건 없고, 세금 없이... 그저 미래를 재구성하는 거예요! 지금 당장 시작하세요."
Tony,가서 계란이라도 깨보세요.
Tony,"화장실은 이쪽이죠, 그렇죠?"
Tony,괜찮아... 금방 돌아올게.
Tony,"아, 그들은 그럴 만해. 게다가, 내 양심을 달래는 데 도움이 되고."
Tony,올라가세요?
Tony,"와, 날 정말 잘 아는구나."
Tony,"사실, 난 전자기 두통을 앓고 있어."
Tony,"그게 지금 상황이야, 캡. 그냥 고통이야. 불편함이지. 누가 커피 찌꺼기를 분쇄기에 넣은 거야? 내가 바이커 갱을 위한 민박집이라도 운영하고 있나?"
Tony,"그건 찰스 스펜서야, 그런데. 좋은 애였어. 컴퓨터 공학 학위, 평점 3.6. 가을에 인텔에서 일할 예정이었지. 하지만 먼저, 책상 뒤에 앉기 전에 영혼에 약간의 마일리지를 쌓고 싶어 했어. 세상을 보고. 어쩌면 봉사도 하고. 찰리는 내가 갈 법한 라스베가스나 포트로더데일에 가고 싶어 하지 않았어. 파리나 암스테르담도 안 갔어, 재밌을 것 같은데. 대신 여름을 가난한 사람들을 위한 지속 가능한 주택을 짓는 데 쓰기로 했지. 어디였을까, 소코비아."
Tony,그는 변화를 만들고 싶어 했겠지. 하지만 우리가 엉덩이를 차는 동안 그 위에 건물을 떨어뜨려서 우린 알 수 없게 됐어.
Tony,"여기엔 결정 과정이 없어. 우리는 통제를 받아야 해! 어떤 형태든 상관없어, 난 할 거야. 우리가 한계를 받아들이지 못하고, 경계가 없다면, 우리는 악당들과 다를 바 없어."
Tony,누가 포기한다고 했어?
Tony,"좋아. 그래서 내가 여기 있는 거야. 내 무기가 잘못된 손에 들어가면 무엇을 할 수 있는지 깨달았을 때, 난 그걸 중단하고 제조를 멈췄어."
Tony,"우리가 지금 이걸 하지 않으면, 나중에 우리에게 강요될 거야. 그게 사실이야. 그건 좋지 않을 거야."
Tony,"집중해. 미안한데, 내가 잘못 들은 건가 아니면 네가 나에게 동의한 거야?"
Tony,"아니, 아니, 아니. 철회할 순 없어. 고마워. 전례 없는 일이야. 좋아, 사건 종결--내가 이겼어."
Tony,아니. 루마니아는 협정의 승인을 받지 않았어. 그리고 로즈 대령이 정리를 감독하고 있어.
Tony,"결과? 당연히 결과가 있을 거야. 분명히 그 말을 인용해도 돼. 내가 방금 말했으니까. 다른 건? 감사합니다, 선생님."
Tony,로스 장관이 너희 둘을 기소하길 원해. 뭔가를 줘야 했어.
Tony,감옥보단 따뜻하지.
Tony,"야, 뭔가 멋진 걸 보고 싶어? 아버지의 보관소에서 뭔가를 가져왔어. 시의적절할 것 같아. FDR이 1941년에 이걸로 무기대여법에 서명했어. 동맹국들이 가장 필요로 할 때 지원을 제공했지."
Tony,"봐? 이것들이 없었다면, 넌 여기 없었을 거야. 난 뭐랄까... 화해의 제스처를 하려는 거야. 그렇게 부르나?"
Tony,"우리는 좀... 글쎄, 좀이 아니라..."
Tony,아니. 절대 아니야. 우리는 잠시 쉬고 있어. 누구의 잘못도 아니야.
Tony,"몇 년 전, 난 그녀를 거의 잃을 뻔했어. 그래서 내 슈트를 다 부숴버렸지. 그리고 우리는 히드라를 처리해야 했고... 그 다음엔 울트론. 내 잘못이었어. 그리고 또, 또, 또, 난 멈추지 않았어. 사실은 멈추고 싶지 않아서야. 그녀를 잃고 싶지 않아. 어쩌면 협정이 중간 지점을 찾을 수 있을 거라 생각했어. 그녀 입장에서는, 난 다루기 힘든 사람이지. 아버지도 성가신 사람이었지만, 그와 어머니는 항상 잘 해결했어."
Tony,"오, 정말? 너희 둘이 서로 알았어? 그는 한 번도 언급한 적 없는데. 아마 천 번쯤 언급했겠지. 세상에, 난 널 정말 싫어했어."
Tony,"알아, 넌 아주 예의 바른 사람이니까."
Tony,"아니, 넌 모를 거야."
Tony,"가끔은 네 완벽한 이빨을 주먹으로 치고 싶어. 하지만 널 보내고 싶진 않아. 우리는 널 필요로 해, 캡. 지금까지는 네가 서명하면 되돌릴 수 없는 일은 없었어. 지난 24시간을 합법화할 수 있어. 반스는 와칸다 감옥 대신 미국 정신병원으로 이송돼..."
Tony,물론이지. PR 문제만 해결하면 그 문서들은 수정될 수 있어. 난 너와 완다를 복귀시키는 동의안을 제출할 거야...
Tony,그녀는 괜찮아. 현재 시설에 갇혀 있어. 비전이 그녀와 함께 있어.
Tony,뭐? 100에이커에 수영장도 있어. 영화관도 있고. 사람들을 보호하는 더 나쁜 방법도 있지.
Tony,그녀는 미국 시민이 아니야.
Tony,그리고 그들은 대량 살상 무기에 비자를 주지 않아.
Tony,제발 좀! 난 더 나쁜 일을 막기 위해 해야 할 일을 하고 있는 거야.
Tony,"프라이데이, 그 정전의 원인을 찾아줘."
Tony,그랬지. 멋진 톰 포드 3피스 2버튼 수트야. 난 현역 비전투원이야.
Tony,할 거야. GSG-9가 국경을 지키고 있어. 정찰기가 24/7 날고 있어. 그들이 발견할 거야. 우리가 처리할게.
Tony,"존경을 담아 말하지만, 총알을 든 소년들로는 이 문제를 해결할 수 없을 거예요, 로스. 우리가 그들을 데려오게 해주세요."
Tony,"왜냐하면 이번엔 내가 로퍼와 실크 셔츠를 입고 있지 않을 거니까. 72시간 안에, 보장할게요."
Tony,"감사합니다, 선생님. 내 왼팔이 저려, 이게 정상인가요?"
Tony,"항상 그래. 36시간이라, 세상에."
Tony,"오, 그래. 지금 헐크가 있으면 정말 좋을 텐데. 가능성 있어?"
Tony,아니.
Tony,나도 그래. 네 건 어디 있어?
Tony,"오, 파커 군."
Tony,토니.
Tony,드디어 만나게 됐군. 내 이메일 받았지?
Tony,그렇지?
Tony,9월 재단.
Tony,그래. 지원했던 거 기억나?
Tony,"내가 승인했어, 그래서 이제 우리는 협력 관계야."
Tony,그걸 정리하러 왔어.
Tony,그녀가 누군가의 숙모라니 믿기 힘들군.
Tony,이 호두 대추 빵이 정말 맛있네요.
Tony,그래?
Tony,그래.
Tony,꽤 잘 지원받고 있지.
Tony,누구한테 말하는지 알지? 5분만 그와 이야기할 수 있을까?
Tony,"호두 대추 빵 치고는 나쁘지 않았어. 와, 이게 뭐지? 레트로 기술이네, 응? 중고 상점? 구세군?"
Tony,넌 쓰레기통 다이버구나.
Tony,아-아! 내가 먼저.
Tony,"수사적인 질문 하나 할게. 이게 너지, 맞지?"
Tony,"그래. 봐봐, 대단하네. 와! 멋진 캐치야. 3,000파운드, 시속 40마일. 쉽지 않아. 미친 실력이군."
Tony,음-흠.
Tony,"그래, 그래, 그래, 그래... 오, 피닉스 상공의 UFO 같은 거 말이야?"
Tony,"오, 이건 뭐지?"
Tony,그래서. 넌... 스파이더... 링. 범죄와 싸우는 스파이더... 넌 스파이더보이?
Tony,그 옷을 입고는 아니지.
Tony,누가 또 알아? 누구?
Tony,네 특이하게 매력적인... 숙모도 모르고?
Tony,내가 정말 멋지다고 생각하는 게 뭔지 알아? 이 웹이야. 이 인장 강도는 차트를 벗어났어. 누가 만들었어?
Tony,벽을 기어오르는 건 어떻게 하는 거야? 접착 장갑?
Tony,세상에! 이걸 쓰고 볼 수나 있어?
Tony,"넌 절실하게 업그레이드가 필요해. 체계적으로, 위에서 아래까지. 100점 만점의 복원. 그래서 내가 여기 온 거야. 왜 이러는 거야? 알아야겠어. 네 동기가 뭐야? 아침에 2층 침대에서 일어나게 만드는 게 뭐야?"
Tony,음-흠.
Tony,"그래, 넌 다르니까."
Tony,"그래서 넌 작은 사람들을 돌보고 싶어? 네 몫을 하고 싶어? 세상을 더 나은 곳으로 만들고, 그런 거 다, 맞지?"
Tony,"난 여기 앉을 거니까, 네 다리를 옮겨. 여권 있어?"
Tony,독일에 가본 적 있어?
Tony,"오, 넌 좋아할 거야."
Tony,왜?
Tony,그 말은 안 한 걸로 할게.
Tony,좀 위험할 수도 있어. 섹시한 숙모한테 내가 널 현장 학습 데려간다고 말해.
Tony,"좋아, 스파이더맨. 날 여기서 꺼내줘."
Tony,"와, 공항에서 사람들을 우연히 만나다니 정말 이상하지 않아? 넌 이상하다고 생각하지 않아?"
Tony,"어쨌든, 로스가 널 데려오라고 36시간을 줬어. 그게 24시간 전이었지. 형제 좀 도와줄 수 있어?"
Tony,네 판단력이 흐려졌어. 네 옛 전우가 어제 무고한 사람들을 죽였어.
Tony,"좋아, 인내심이 바닥났어. 언더루스! 잘했어, 꼬마."
Tony,"그래, 우리가 대화를 시작할 필요는 없어."
Tony,"그래, 나중에 얘기하자. 그냥..."
Tony,...잘했어.
Tony,넌 완전 바보였어. 클린트를 끌어들이고. 완다를 떠나고 싶지도 않은 안전한 곳에서 '구출'하고. 난 지키려고... 네가 어벤저스를 갈라놓는 걸 막으려고 노력하고 있어.
Tony,"좋아, 끝났어. 반스를 넘겨. 우리와 함께 와. 지금 당장! 우리니까! 아니면 무례해도 개의치 않는 J-SOC 부대가... 어서."
Tony,"오, 좋아. 주차장에 둘이 있어. 하나는 맥시모프야, 내가 잡을게. 로디, 캡을 잡을래?"
Tony,우리가 얘기한 대로야. 거리를 유지해. 그들을 웹으로 묶어.
Tony,"완다, 네가 비전의 감정을 상하게 한 것 같아."
Tony,"좋아. 첫째, 그건 과장이야. 둘째, 난 널 보호하려고 그랬어. 안녕, 클린트."
Tony,분명히 은퇴가 너한테 안 맞는 것 같아. 골프 치는 게 지루해졌어?
Tony,모든 일에는 처음이 있지.
Tony,"그래, 나도 그걸 감지했어."
Tony,"글쎄, 내 계획은 그들을 가볍게 다루는 거였어. 바꿔볼래?"
Tony,우리도 마찬가지야.
Tony,프라이데이?
Tony,그들이 뭐라고?
Tony,공유
Tony,내보내기
Tony,다시 쓰기
Tony,"좋아, 우리 편에 충격적이고 환상적인 능력을 숨기고 있는 사람 있어? 제안 받을게."
Tony,"몰라, 탄소 연대 측정은 안 해봤어. 젊은 편이지."
Tony,어쩌면 그 꼬마가 뭔가 알아냈나 봐.
Tony,"꼬마, 괜찮아?"
Tony,"같은 편이야. 누군지 맞춰봐. 안녕, 나야."
Tony,그래.
Tony,그래. 넌 끝났어. 알겠지?
Tony,잘했어. 그대로 있어.
Tony,그대로 있으라고.
Tony,"집에 갈 거야, 아니면 메이 숙모한테 전화할 거야! 끝났다고!"
Tony,로디!
Tony,로디! 생체 신호 읽어.
Tony,어떻게 이런 일이...
Tony,그런 게 가능하다고 생각도 못 했어.
Tony,의사들 말로는 L4에서 S1까지 부서졌대. 척수에 심각한 열상. 아마 어떤 형태로든 마비가 올 거래.
Tony,"넌 그들을 놓아줬어, 나트."
Tony,"우리'? 이중 스파이 습관을 버리기 힘들지, 응? DNA에 박혀있나 봐."
Tony,티찰라가 로스한테 네가 한 일을 말했어. 그러니까... 그들이 널 잡으러 올 거야.
Tony,"프라이데이, 이게 뭐지?"
Tony,헬기 준비해.
Tony,얼굴 인식은 해봤어?
Tony,"음, 모르겠어. 빨간 머리를 상상하고 있었거든."
Tony,그래야겠지.
Tony,"그래서, 진짜 브루사드는 어떻게 됐어?"
Tony,개자식. 이걸 로스한테 보내.
Tony,그래? 파일 구했어? 위성 경로를 바꿔서 이 제모 녀석 얼굴 스캔을 시작하자.
Tony,"제발 좀, 바튼. 여기 넣을 줄 몰랐어. 어서."
Tony,"그래, 하지만 이건 바다 위의 초고도 보안 감옥이잖아. 알잖아, 이곳은 미치광이들을 위한 곳이라고. 이곳은..."
Tony,네가 법을 어겼으니까.
Tony,내가 너보고 그러라고 한 것도 아니잖아.
Tony,"넌 읽었고, 어겼어."
Tony,"좋아, 넌 다 컸고 아내와 아이들도 있잖아. 이해가 안 돼, 왜 잘못된 편을 선택하기 전에 그들을 생각하지 않았어?"
Tony,넌 누구야?
Tony,내일 콜롬비아 메디컬로 이송할 거야. 그러니까... 행운을 빌어. 뭐가 필요해? 밥은 줬어?
Tony,난 그저 스티브가 어디로 갔는지 알아야 하는 사람일 뿐이야.
Tony,"오, 그냥 그들의 'AV'에서 'A'를 날려버렸어. 30초 정도 있으면 그들의 장비가 아니란 걸 알아챌 거야."
Tony,"그냥 봐. 저 사람이 반스를 심문하기로 되어 있었거든. 분명히 내가 실수했어. 샘, 내가 틀렸어."
Tony,캡은 확실히 선을 넘었지만 그가 도움을 받을 수 있을 만큼 받아야 해. 우리는 서로 잘 모르지. 넌 안 해도 돼...
Tony,진정해.
Tony,"아니. 지옥에나 가라고 하더라. 대신 나는 기지로 돌아갈 거야, 하지만 언제든 전화해. 대기시켜 놓을 테니, 난 그 선이 깜빡이는 걸 보는 게 좋거든."
Tony,좀 방어적으로 보이는데.
Tony,"편히 쉬어, 병사. 지금은 널 쫓고 있지 않아."
Tony,네 이야기가 그렇게 미친 게 아닐 수도 있어. 어쩌면. 로스는 내가 여기 있는지 모르고 있어. 그대로 뒀으면 좋겠어. 그렇지 않으면 나 자신을 체포해야 할 테니까.
Tony,"너도 마찬가지야, 캡. 이봐, 만주리안 후보, 날 죽이려고 작정했나 봐. 여긴 휴전 중이야. 내려놓을 수 있어..."
Tony,열 반응 감지됐어.
Tony,"어, 하나."
Tony,내가 그걸 이길 수 있을 거 같은데.
Tony,저 길을 알아. 이게 뭐지?
Tony,알고 있었어?
Tony,"날 속이지 마, 로저스! 알고 있었냐고?"
Tony,비켜!
Tony,"아, 젠장."
Tony,"어서, 어서."
Tony,대충 보고 있어. 넌 그들을 기억이나 해?
Tony,상관없어. 그는 내 엄마를 죽였어.
Tony,그의 싸움 패턴을 분석해.
Tony,그의 엉덩이를 차자.
Tony,나도 그랬어. 그대로 있어. 마지막 경고야.
Tony,그 방패는 네 것이 아니야. 넌 그걸 받을 자격이 없어. 내 아버지가 그 방패를 만들었다고!
Tony,이건 첫 번째 시도일 뿐이야.
Tony,피드백 좀 줘봐. 생각나는 거 뭐든. 충격 흡수. 측면 이동. 컵 홀더?
Tony,가자. 내가 도와줄게.
Tony,괜찮아?
Tony,"그래, 연결해줘."
Tony,"아, 잠깐만 기다려."
Tony,언더루스!
Tony,"뭐하는 거야, 작은 비디오 일기?"
Tony,괜찮아. 나라도 그랬을 거야.
Tony,괜찮아.
Tony,"야, 야, 야, 야, 야. 있잖아? 우리 실제로... 네 숙모를 위한 알리바이 비디오를 만들어야겠어. 준비됐어?"
Tony,촬영 중이야?
Tony,프레임 안으로 들어와.
Tony,"안녕, 메이. 어떻게 지내? 뭘 입고 있어? 섹시한 거 입었길 바라."
Tony,"피터, 그건 부적절해. 좋아, 다시 시작하자. 편집할 수 있을 거야."
Tony,"3, 2, 1. 안녕하세요, 메이. 세상에, 음, 이번 주말 스타크 인턴십 수련회에서 당신의 조카가 얼마나 놀라운 일을 했는지 말씀드리고 싶었어요. 모두가 감명받았죠."
Tony,"이건 네가 퀸즈 대로에 있지 않아서 그래. 봐, 해피는... 자산 관리로 승진하길 바라고 있어. 그는 보안 책임자였고, 그 전엔 그냥 운전사였지."
Tony,"아니, 진지하게, 그가 많이 코 골았어?"
Tony,"해피, 우리 잠깐 시간 좀 줄래?"
Tony,피터의 케이스를 트렁크에서 꺼내줘.
Tony,"그래, 우리 방금 그것에 대해 얘기하고 있었어."
Tony,부탁 하나만 들어줘. 해피가 이 일의 담당자야. 그를 스트레스 받게 하지 마. 바보 같은 짓 하지 마. 난 그의 심전도를 봤거든. 알겠지?
Tony,"내가 할 법한 일은 하지 말고, 절대로 내가 하지 않을 일도 하지 마. 거기에... 거기에 작은 회색 영역이 있어, 그게 네가 활동할 영역이야."
Tony,아니.
Tony,7층.
Tony,"뭐, 다음 임무?"
Tony,우리가 연락할게.
Tony,"아니, 내 말은, 우리가 연락할 거야. 누군가가 널 부를 거라고."
Tony,알겠지?
Tony,알겠어.
Tony,이건 포옹이 아니야. 그냥 문을 잡아주는 거야. 우린 아직 그 정도까진 아니야.
Tony,안녕.
Tony,네 슈트에 모든 걸 넣었어. 이 히터도 포함해서.
Tony,뭘 생각하고 있었던 거야?
Tony,"지금 당장 그를 잡으려고? 진정해, 크로켓, 이런 일을 처리하는 사람들이 있어."
Tony,"아니, 아니, 아니. 이건 그들의 급여 수준보다 좀 낮아."
Tony,"오, 난 여기 없어."
Tony,"여기 와이파이가 있어서 다행이야, 아니면 넌 지금 토스트가 됐을 거야. 가네시에게도 감사해."
Tony,건배.
Tony,"저기, 그 날아다니는 벌처 녀석은 잊어버려, 제발."
Tony,왜? 내가 그렇게 말했으니까!
Tony,"미안, 난 지금 십대랑 얘기하고 있어. 땅에 가까이 붙어 있어. 네 실력을 키워. 너한테 츄로를 사준 그 아줌마처럼 작은 사람들을 도와주면서 말이야. 그냥 친근한..."
Tony,...동네 스파이더맨이 되면 안 돼?
Tony,"아니, 넌 아니야."
Tony,"날 믿어, 꼬마. 캡이 널 제압하고 싶었다면, 벌써 했을 거야. 내 말 들어. 이런 무기들을 또 마주치면, 해피한테 전화해."
Tony,"있잖아, 대학 생각하기엔 절대 이른 법이 없어. 내가 MIT에 좀 끌어줄 수 있거든. 통화 종료."
Tony,파커 군. 잠깐 시간 있어?
Tony,D.C.에서 잘했어.
Tony,내 아버진 날 별로 지지해주지 않으셨어... 그래서 난 그 부끄러움의 고리를 끊으려고 노력 중이야.
Tony,"내가 칭찬하는 중에 말을 자르지 마. 어쨌든, 대단한 일들이 곧-"
Tony,그게 뭐야?
Tony,이상하네. 해피가 6주 전에 밴드를 그만뒀다고 하던데. 무슨 일이야?
Tony,이봐.
Tony,"안녕, 스파이더맨. 밴드 연습이었나?"
Tony,넌 충분히 했다고 생각해.
Tony,이전에 피터가 일을 망친 편: 난 이걸 멀리하라고 했지. 대신 넌 수백만 달러짜리 슈트를 해킹해서 내 뒤에서 몰래 내가 하지 말라고 한 바로 그 일을 했어.
Tony,네 덕분은 아니지.
Tony,"난 들었어, 꼬마야. FBI에 전화한 게 누구라고 생각해? 날 제외하고 모두가 14살 꼬마를 영입하는 건 미친 짓이라고 했다는 걸 알아?"
Tony,"아니, 이제 네가 입 다물 차례야, 알겠어? 어른이 말하고 있어. 오늘 밤 누군가 죽었다면 어쩔 뻔했어? 다른 얘기지, 맞지? 그건 네 책임이야. 그리고 네가 죽었다면, 그건 내 책임이라고 느껴져. 난 그런 죄책감이 필요 없어."
Tony,그래.
Tony,미안하다고 해서 될 일이 아니야.
Tony,"난 네가 더 나아지길 바랐어. 좋아, 이건 잘 안 되고 있어. 슈트를 돌려받아야겠어."
Tony,영원히.
Tony,"그래. 그래, 그게 바로 이런 거야."
Tony,"자, 내놔."
Tony,"이 슈트 없이 넌 아무것도 아니라면, 가질 자격이 없는 거야. 알겠어? 세상에, 내가 아빠처럼 말하고 있네."
Tony,"알겠어, 그건 우리가 해결할게."
Tony,"이 슈트 없이 넌 아무것도 아니라면, 가질 자격이 없는 거야."
Tony,"오, 저기 왔네. 올라오는 길은 어땠어?"
Tony,꼬마랑 잠깐 얘기 좀 할게.
Tony,그래. 꼬마랑 얘기해야 해.
Tony,느슨하게 따라오는 건 어때? 그래? 경계선은 좋은 거야.
Tony,"네 슈트를 가져가서 미안해. 그러니까, 넌 그럴 만했어. 사실, 그게 네가 필요로 했던 완벽한 엄한 사랑의 순간이었던 것 같아, 맞지? 널 자극하기 위해, 맞지? 그렇게 생각하지 않아? 그렇게 생각하지 않아?"
Tony,그랬다고 하자.
Tony,"넌 크게 일을 망쳤어. 정말 크게. 하지만 그 다음엔 옳은 일을 했지. 개를 무료 진료소에 데려가고, 잡종 강아지들을 키웠고... 좋아, 내 비유가 최고는 아니었네. 난 널 오해했어. 조금만 더 멘토링을 받으면, 넌 팀의 진정한 자산이 될 수 있을 것 같아."
Tony,"그래. 어쨌든... 저 문 뒤에 50명 정도의 기자들이 있어. 진짜 기자들이야, 블로거가 아니라."
Tony,준비되면... 이걸 입어볼래? 그리고 난 세상에 어벤저스의 최신 공식 멤버를 소개할 거야: 스파이더맨.
Tony,그래. 한번 봐봐.
Tony,"그래서, 기자회견 후에 해피가 네 방, 새 숙소로 안내해 줄 거야. 그는 어디 사이에 있지? 비전 옆이야?"
Tony,재밌을 거야.
Tony,넌 잘 어울릴 거야.
Tony,괜찮아? 괜찮다고? 어떻게 괜찮을 수가 있어?
Tony,"날 거절하는 거야? 잘 생각해 봐. 저길 봐. 날 봐. 마지막 기회야, 예 아니면 아니오?"
Tony,"좋아. 그건 좀 스프링스틴 같은, 내가 좋아하는 노동자 영웅 분위기네. 음, 해피가 널 집에 데려다 줄 거야. 그래?"
Tony,"그래, 파커 군. 아주 좋아."
Tony,좋아.
Tony,"그래, 넌 통과했어. 좋아, 어린 사슴아, 이제 가봐."
Tony,"그래, 고마워."
Tony,있잖아? 그 꼬마가 정말 성숙한 선택을 했어. 우리를 완전히 놀라게 했지.
Tony,그는 꼬마에게 차에서 기다리라고 했어.
Tony,"뭔가 생각해 봐. 음... 해피, 그 반지 아직 갖고 있어?"
Tony,약혼 반지?
Tony,알겠어.
Tony,"글쎄, 그게 우리에게 시간을 좀 벌어줄 수 있겠지."
Tony,마치 우리에게 시간이 필요한 것처럼 말이야.
Tony,"내가 문 열어줄까, 자기?"
Tony,"천천히, 천천히. 난 전혀 농담하는 게 아니야."
Tony,아니야.
Tony,"있잖아, 꿈에서 소변을 봐야 하는 상황 알지?"
Tony,"그래, 그리고 넌 '오 세상에, 화장실이 없어, 어떡하지?' '아! 누가 보고 있어.' '바지에 싸버릴 거야.' 이러는 거지."
Tony,그래.
Tony,"맞아! 그게 내가 말하려는 요점이야. 그것과 관련해서, 어젯밤에 꿈을 꿨는데, 우리에게 아이가 있었어. 너무 생생했어. 네 괴짜 삼촌 이름을 따서 지었지. 어, 이름이 뭐였더라?"
Tony,모건! 모건이야.
Tony,기대 중.
Tony,그래?
Tony,꿈을 꿨어. 너무 생생했어.
Tony,네가 이 얘기를 꺼내서 다행이야. 별거 아니거든. 그냥 나노 입자용 하우징 유닛일 뿐이야.
Tony,"아니, 아니, 이건 부착물이야, 그런 게 아-"
Tony,"알아. 수술했잖아. 난 그저 우리를 보호하려는 거야. 미래의 우리 말이야, 그게 전부야. 옷장에 괴물이 있을 경우를 대비해서, 알지..."
Tony,날 정말 잘 아는구나. 내 말을 다 끝내버리네.
Tony,그래. 뭐가 있어야 하는지 알아? 더 이상의 놀라운 일은 없어야 해. 오늘 밤 멋진 저녁 식사를 할 거야. 이 해리 윈스턴을 자랑하면서 말이야. 맞지? 그리고 더 이상 놀라운 일은 없어야 해. 절대로. 약속해야겠어.
Tony,그럴게.
Tony,"미안한데, 티켓이라도 나눠주는 거야?"
Tony,그리고 '우리'가 누구야?
Tony,브루스.
Tony,괜찮아?
Tony,지금까지 꿈꾸지 못한'이라고 진지하게 말한 거야?
Tony,이게 그런 거야...?
Tony,"그렇게 하도록 하지. 타노스가 여섯 개 다 필요하다면, 이걸 그냥 쓰레기 분쇄기에 넣어버리면 어때?"
Tony,"난 유제품을 끊었지만, 벤앤제리스가 내 이름을 딴 맛을 만들어서..."
Tony,나쁘지 않아.
Tony,뭐든지. 요점은: 상황이 변한다는 거야.
Tony,"그리고 반대로, 그게 우리에게 대항할 수 있는 그의 가장 좋은 기회일 수도 있어."
Tony,풍선 동물 만드는 것 말고 네 직업이 정확히 뭐야?
Tony,"그래, 그게 문제야."
Tony,2주 전에 비전이 트랜스폰더를 껐어. 오프라인 상태야.
Tony,난 그를 잃은 게 아니야. 그는 그 이상이야. 진화하고 있어.
Tony,젠장. 아마도 스티브 로저스겠지.
Tony,아마도. 하지만...
Tony,"그렇게 쉽지 않아. 세상에, 우리 한동안 연락 안 했지?"
Tony,어벤저스는 해체됐어. 우린 끝장났어.
Tony,캡과 난 심하게 다퉜어. 지금은 말도 안 해.
Tony,"저기, 닥터, 혹시 머리카락 움직이고 있는 거 아니지?"
Tony,괜찮아?
Tony,"그를 도와! 웡, 닥터."
Tony,"프라이데이, 내가 보고 있는 게 뭐지?"
Tony,"이봐! 그 타임 스톤을 뒷주머니에 넣는 게 좋을 거야, 닥터!"
Tony,"프라이데이, 43번가 남쪽의 모든 사람들을 대피시켜, 응급 구조대에 알려."
Tony,"미안하지만, 오늘 지구는 문 닫았어. 짐 싸서 여기서 나가는 게 좋을 거야."
Tony,"꺼져버리라는 뜻이야, 스퀴드워드!"
Tony,"배너, 한 조각 할래?"
Tony,맞아.
Tony,"오랜만이군. 돌아와서 좋다, 친구."
Tony,네 녀석은 어디 있어?
Tony,그런 거 할 시간 없어.
Tony,저기 그게 있잖아. 가자.
Tony,"[스트레인지를 흘긋 보며] 이봐, 마법사들 앞에서 날 창피하게 하고 있어."
Tony,"괜찮아. 이봐, 물러서. 그를 지켜봐. 고마워."
Tony,나노 기술이야. 마음에 들어? 약간-
Tony,그 돌을 당장 여기서 빼내야 해.
Tony,정확해. 안녕.
Tony,"정말, 정말 좋아. 아주 좋아. 도울 계획 있어?"
Tony,망치.
Tony,"꼬마야, 어디서 왔어?"
Tony,그는 우주에서 왔어. 마법사한테서 목걸이를 훔치러 왔지.
Tony,"꼬마야, 저게 마법사야. 잡아."
Tony,"꼬마야, 매달려. F.R.I.D.A.Y., 힘 좀 줘. 17-A 잠금 해제. 피터, 놓아야 해. 내가 잡을게."
Tony,너무 높아. 공기가 부족해질 거야.
Tony,"즐거운 여행해, 꼬마야. F.R.I.D.A.Y., 걔 집으로 보내."
Tony,"그래, 난 괜찮아. 그냥 8시 30분 예약을 미뤄야 할 것 같아."
Tony,그냥... 아마 한동안 돌아오지 못할 것 같아서.
Tony,그래.
Tony,"자기야, 미안해. 정말 미안해, 뭐라고 해야 할지 모르겠어."
Tony,페퍼...
Tony,뭐야-
Tony,넌 여기 있으면 안 돼.
Tony,듣고 싶지 않아.
Tony,이제 들어야겠네.
Tony,방금 뭐라고 했어?
Tony,그래. 내가 네가 있길 원치 않는 바로 그곳이지. 여긴 코니 아일랜드가 아니야. 소풍도 아니고. 편도 티켓이라고. 알겠어? 이걸 생각해봤다고 하지 마. 넌 이걸 제대로 생각해볼 수가 없었을 거야.
Tony,넌 이걸 제대로 생각해볼 수가 없었을 거야.
Tony,"자, 상황이 있어. 저기 아래 보이지? 그가 위험해. 네 계획은 뭐야? 가."
Tony,"말해줘야겠는데, 그는 내 친구가 아니야. 그의 목숨을 구하는 건 그저 직업적 예의일 뿐이야."
Tony,"그래, 하지만 꼬마가 영화를 더 많이 봤잖아."
Tony,그래. 이제 그가 도망가고 싶어 하네. 멋진 계획이야.
Tony,그리고 난 네가 날 고마워하길 바라. 어서. 듣고 있어.
Tony,누가 방금 네 마법 엉덩이를 구했지? 나야.
Tony,"인정해. 내가 말했을 때 빠졌어야 했어. 난 널 빼려고 했고, 넌 거절했지."
Tony,"그 사실 때문에, 우리는 지금 지구에서 수십억 마일 떨어진 날아다니는 도넛 안에 있고 백업도 없어."
Tony,아니. 넌 밀항자야. 어른들이 얘기하고 있어.
Tony,이 우주선은 스스로 경로를 수정하고 있어. 자동조종 중이야.
Tony,그래.
Tony,"그래, 들었어. 생각 중이야... 우리가 그래선 안 될 것 같아."
Tony,"아니. 이해 못하는 건 너야. 타노스는 6년 동안 내 머릿속에 있었어... 뉴욕에 군대를 보냈을 때부터 지금 그가 돌아왔을 때까지! 그리고 난 어떻게 해야 할지 모르겠어. 그래서 우리 영역에서 싸우는 게 나은지 그의 영역에서 싸우는 게 나은지 확신이 안 서. 하지만 넌 그들이 한 일을, 그가 할 수 있는 일을 봤잖아. 적어도 그의 영역에서는 그가 예상하지 못할 거야. 그래서 난 그에게 싸움을 걸자고 해. 닥터, 동의하시나요?"
Tony,"좋아. 좋아. 도덕적 나침반이군. 우린 똑바로 가고 있어. 좋아, 꼬마. 넌 이제 어벤저스야."
Tony,우리가 도착한 것 같아. 이 장치엔 자동 주차 기능이 없는 것 같아. 손을 이 조종 장치에 넣어. 그걸 손으로 감싸. 알겠어?
Tony,"이건 큰 녀석 하나를 위한 거라서, 우리가 동시에 움직여야 해."
Tony,우리 돌아야 할 것 같아.
Tony,괜찮아?
Tony,아슬아슬했어. 이번엔 내가 빚졌네.
Tony,이 여행 동안 더 이상 대중문화 얘기 한마디도 듣고 싶지 않아. 알겠어?
Tony,"그래, 더 좋은 질문을 해줄게. 가모라가 누구야?"
Tony,"그래, 해보자고! 네가 내 녀석을 쏘면, 난 그를 날려버릴 거야. 가자!"
Tony,넌 지구 출신이야?
Tony,"그래, 그건 지구에 있어, 바보야. 우릴 왜 귀찮게 하는 거야?"
Tony,토르를 알아?
Tony,그는 지금 어디 있지?
Tony,"그래, 우리한테 한 가지 이점이 있어. 그가 우리한테 오고 있어. 그걸 이용하자. 좋아, 계획이 있어. 아니면 적어도 계획의 시작이라도. 꽤 간단해. 그를 유인해서, 제압하고, 우리가 필요한 걸 얻는 거야. 절대 이 녀석이랑 춤추고 싶진 않아. 우린 그저 건틀렛만 있으면 돼."
Tony,하품하고 있어? 내가 설명하는 중에? 응? 내가 한 말 들었어?
Tony,"좋아, 미스터 클린은 자기 세계에 빠져있군."
Tony,"좋아, 그냥 저기로 가. 로드 씨, 당신 사람들 모이게 할 수 있어요?"
Tony,우리가 뭉쳐야 해. 우리가 그에게 맞설 수 있는 게 기운찬 태도뿐이라면...
Tony,무슨 댄스 대결?
Tony,"이런 거 부추기지 마, 알겠어?"
Tony,플래시 고든한테서는 도움을 못 받겠군.
Tony,네 수학 실력에 정신이 아찔해지는군.
Tony,"스트레인지, 우리 괜찮아?"
Tony,돌아왔구나. 괜찮아. 안녕.
Tony,우리가 이긴 경우는 몇 번이야?
Tony,"그래, 이게 바로 그거야. 모든 게 여기로 이어졌어."
Tony,"진정해, 퀼."
Tony,넌 괜찮아.
Tony,"그럴 필요 없어. 왜냐하면 어... 넌 그저 자리를 지키고 있을 뿐이니까. 오, 그래, 아슬아슬했어. 그게 골이야. 이제 우리 1대1이네."
Tony,우린 동점이야. 긴장감 느껴져? 재밌지.
Tony,그건 최악이었어. 이제 이길 기회가 있어.
Tony,그리고... 넌 이겼어. 축하해.
Tony,공정한 게임이었어. 좋은 스포츠맨십이야. 재밌었어?
Tony,"이거 켜진 거야? 안녕, 포츠 양... 페퍼. 이 녹음을 발견하면 소셜 미디어에 올리지 마. 눈물 쏟게 될 거야. 네가 이걸 볼 수 있을지 모르겠어. 네가... 네가 아직... 오 세상에, 그러길 바라. 오늘은 21일째, 아니 22일째야. 알잖아, 우주의 공허를 바라보는 실존적 공포만 아니라면, 오늘은 기분이 좋다고 말할 수 있을 것 같아. 감염은 진정됐어, 저기 있는 파란 악당 덕분에. 넌 그녀를 좋아할 거야. 아주 실용적이고. 약간 새디스틱할 뿐이야. 전투 중에 몇몇 연료 전지가 깨졌지만, 이온 전하를 역전시켜 48시간 정도 벌 수 있는 방법을 찾아냈어. 하지만 이제 완전히 멈췄어. 우리는 가장 가까운 편의점에서 1000광년 떨어져 있어. 내일이면 산소가 떨어질 거야. 그게 끝이겠지. 그리고 페퍼, 나는... 더 이상 놀라운 일은 없을 거라고 말했지만, 정말 마지막 한 번을 해내고 싶었어. 하지만 보아하니... 뭐, 넌 알잖아 어떤 상황인지. 이 일로 너무 마음 아파하지 마. 그러니까, 몇 주 동안 슬퍼하다가, 엄청난 죄책감을 안고 앞으로 나아가. 난 아마 누워있어야 할 것 같아. 알아줬으면 해... 내가 의식을 잃을 때, 난 너를 생각할 거야. 항상 너니까."
Tony,그를 막지 못했어.
Tony,꼬마를 잃었어.
Tony,"그게, 음...?"
Tony,괜찮아.
Tony,그는 지금 어디 있지? 어디?
Tony,그에게 무슨 문제가 있어?
Tony,"솔직히, 방금 전까지 난 네가 진짜로 빌드어베어 제품인 줄 알았어."
Tony,"누가 그렇게 말했어? 난 그와 싸우지 않았어. 아니, 그는 행성으로 내 얼굴을 닦아냈고, 그 사이 블리커 가의 마법사는 가게를 통째로 넘겼지. 그게 일어난 일이야. 싸움은 없었어."
Tony,그는 무적이야.
Tony,흥! 난 몇 년 전에 이걸 예견했어. 비전을 봤지. 믿고 싶지 않았어. 꿈을 꾸고 있다고 생각했지.
Tony,"그리고 난 네가 필요했어. 과거형으로 말이야. 그게 네가 필요한 것보다 더 중요해. 이제 너무 늦었어, 친구. 미안해. 내가 뭐가 필요한지 알아? 면도가 필요해. 그리고 난 너희 모두에게 말했던 걸 기억해 -"
Tony,살아있든 아니든 우리에게 필요한 건 세계를 둘러싼 갑옷이었다고! 기억나? 그게 우리의 소중한 자유에 영향을 미치든 말든 - 그게 우리에게 필요했던 거야!
Tony,"난 '우리가 질 거야'라고 말했어. 넌 '그것도 함께 하자'고 했지. 그런데 어떻게 됐지, 캡? 우리는 졌어. 그리고 넌 거기 없었어. 하지만 그게 우리가 하는 일이지, 맞지? 사후에 최선을 다하는 거? 우리는 어벤저스야, 어벤저스라고. 예방자들이 아니라."
Tony,맞지?
Tony,좋아...
Tony,"아니, 아니. 내 요점은 이거야. 알아?"
Tony,"그녀는 대단해, 그런데."
Tony,"우리에겐 네가 필요해. 넌 새 피야. 우린 지친 늙은 노새들일 뿐이야! 난 네게 줄 게 없어, 캡! 좌표도, 단서도, 전략도, 선택지도 없어. 제로. 집. 나다. 신뢰도 없고. 거짓말쟁이."
Tony,"자, 이걸 가져가. 그를 찾으면, 이걸 입혀. 숨겨."
Tony,난 괜찮아. 나...
Tony,"좋아, 그걸 입으면 안 돼, 알겠지? 그건 엄마를 위한 특별한 기념일 선물의 일부야."
Tony,"자, 여기 있어. 점심 생각하고 있어? 상추 위에 귀뚜라미 한 줌 줄 수 있는데."
Tony,그게 네가 원하는 거구나. 이걸 어떻게 찾았어?
Tony,정말? 이걸 찾고 있었어?
Tony,"차고에 가는 걸 좋아하는구나, 응? 아빠도 그래. 사실 괜찮아. 엄마는 내가 사준 걸 절대 안 입으시거든."
Tony,"양자 요동이 플랑크 스케일을 망가뜨리고, 그게 도이치 명제를 촉발시켜. 이 점에 동의할 수 있지?"
Tony,"쉽게 말하자면, 네가 집에 돌아올 수 없다는 뜻이야."
Tony,"아니, 넌 우연히 살아남은 거야. 10억 분의 1의 우주적 우연이지. 그런데 지금 넌... 뭐라고 부르더라?"
Tony,"그래, 시간 강도. 물론이지, 우리가 왜 이걸 전에 생각 못 했을까? 아, 그건 웃기니까? 허황된 꿈이니까?"
Tony,"아니면 그가 이미 망쳐놓은 것보다 더 망치겠지, 그렇지?"
Tony,"인정하지만, 가끔은 그 들뜬 낙관주의가 그리워. 하지만 높은 희망만으로는 내가 안전하게 그 시간 강도를 실행할 논리적이고 실체적인 방법이 없다면 소용없어. 가장 가능성 높은 결과는 우리 모두의 죽음일 거야."
Tony,"잠깐만, 스콧. 진지하게 말하는 거야? 우주를 구하기 위한 네 계획이 '백 투 더 퓨처'를 기반으로 한다고?"
Tony,다행이네. 걱정했잖아. 그랬다면 완전 헛소리였을 테니까. 양자 물리학은 그렇게 작동하지 않아.
Tony,우리는 맞섰어. 그리고 여기 이렇게 있잖아.
Tony,"맞아, 스콧. 난 절대 안 할 거야. 난 아이가 있어."
Tony,"잘했어. 난 구원받았군. 네가 다른 걸 물어보러 왔으면 좋았을 텐데. 뭐든지. 솔직히, 난... 너희들이 그리웠어, 그건... 오, 그리고 식탁은 여섯 명으로 차려놨어."
Tony,"모드 영감을 한번 볼게, 어디 보자. 그래서, 오늘 밤 마지막으로 한 번 더 시뮬레이션을 해보는 게 어떨까. 이번엔 뫼비우스 띠 모양으로, 뒤집어서."
Tony,"그 고유값 좀 줘봐. 그리고, 입자 인수분해랑 스펙트럼 분해. 잠깐만 기다려."
Tony,그리고 안 되더라도 걱정하지 마. 난 그저 -
Tony,젠장!
Tony,"왜 일어났어, 작은 말썽꾸러기?"
Tony,"아니, 우린 그런 말 안 해. 엄마만 그 말을 써. 엄마가 만든 말이라 엄마 것이야."
Tony,"여기서 중요한 일을 하고 있거든. 어떻게 생각해? 아니, 내 머릿속에 뭔가 있어. 내 머릿속에 뭔가 있다고."
Tony,"그랬지. 그건 협박이야. 위대한 사람들은 생각이 비슷해. 주스 아이스크림, 정확히 내가 생각하고 있던 거야."
Tony,"다 했어? 그래, 이제 됐어. 그 얼굴은 거기 가."
Tony,"이야기라... 옛날 옛적에, 마구나가 잠자리에 들었대. 끝."
Tony,"자, 그게 네가 제일 좋아하는 이야기잖아. 사랑해, 아주 많이."
Tony,"와. 3000이라. 미쳤네. 자, 이제 자. 아니면 네"
Tony,"경쟁은 아니지만, 그녀는 날 3000만큼 사랑해. 넌 600에서 900 사이 어딘가였지."
Tony,뭘 읽고 있어?
Tony,퇴비에 무슨 새로운 게 있어?
Tony,그런데 난 해결했어.
Tony,시간 여행이야.
Tony,맞아.
Tony,"그래, 알아."
Tony,"아니, 난 모든 사람을 도울 순 없어."
Tony,멈추면 안 돼. 지금 당장 멈출 수 있어.
Tony,가끔은 잠긴 상자에 넣어 호수 바닥에 빠뜨리고... 잠자리에 들고 싶어.
Tony,왜 그렇게 우울해 보여? 내가 맞춰볼게: 그가 아기가 됐어.
Tony,"그게 바로 EPR 패러독스야. 랭을 시간을 통해 밀어넣는 대신, 시간을 랭을 통해 밀어넣었을 수도 있어. 까다롭고 위험해. 누군가 너한테 경고했어야 했는데."
Tony,"오, 내가 그랬나? 다행히 내가 여기 있네. 어쨌든, 난 고쳤어. 완벽하게 작동하는 시공간 GPS야. 난 그저 평화를 원해. 알고 보니, 원한은 부식성이 있더라고. 난 그게 싫어."
Tony,우리는 이 돌들을 얻을 기회를 잡았어. 하지만 내 우선순위를 말해줄게: 우리가 잃은 걸 되찾는 거? 희망하지. 내가 가진 걸 지키는 거? 어떤 대가를 치르더라도 해야 해. 그리고... 죽지 않고 해내면 좋겠어.
Tony,"왜? 그가 널 위해 만든 거잖아. 게다가, 솔직히 모건이 썰매 타러 가기 전에 차고에서 빼내야 해."
Tony,"그거 좀 조용히 해줄래? 팀 전체를 위해 가져온 건 아니거든... 그런데 우리 팀 전체를 데려오는 거지, 그렇지?"
Tony,"왼쪽으로 흐르고 있어. 옆에 있는 르보우스키. 래칫, 어떻게 되가?"
Tony,"글쎄, 난 '만났다'는 단어 대신 '육 개의 인피니티 스톤 중 하나에 의해 거의 죽을 뻔했다'로 대체하고 싶은데."
Tony,우리의 역사지. 그래서 그냥 들어갈 만한 편리한 장소가 많지 않아.
Tony,정확해.
Tony,멋져. 계란? 아침 식사?
Tony,이비인후과 의사가 모자에서 토끼를 꺼내는 거지.
Tony,그래. 설리번 거리.
Tony,아니. 그는 토론토에 살았어. 너 정신 좀 차리고 있었어?
Tony,"좋아. 그 사람 말 들었지. 키보드 두드려, 녹색 거인."
Tony,"서두르자, 캡. 여기선 일이 거의 마무리된 것 같아."
Tony,"어, 로저스 씨. 그 수트가 당신 엉덩이에 전혀 도움이 되지 않았다는 걸 거의 잊을 뻔했네."
Tony,말도 안 되게 우스워.
Tony,그들은 쉴드야... 사실은 히드라지. 하지만 그때는 우리가 몰랐지.
Tony,넌 작지만 목소리는 크구나.
Tony,"좋아, 네 차례야, 작은 친구. 저기 우리의 돌이 있어."
Tony,"좋아, 캡. 우리 홀이 80층을 지나는 엘리베이터에 있어."
Tony,알겠어. 거기서 보지.
Tony,"엄지공주, 듣고 있어? 목표물이 보여. 출발 시간이야."
Tony,"그래, 비상용으로 하나 가지고 있었어. 진정해. 집중할 수 있을까?"
Tony,"좋아, 움직여, 스튜어트 리틀. 여기 상황이 복잡해지고 있어. 가자."
Tony,넌 그저 내게 가벼운 심장 부정맥을 일으키고 있을 뿐이야.
Tony,"해, 랭!"
Tony,시간이 없어. 내 핀을 뽑아!
Tony,"의료진! 여러분, 좀 도와줘!"
Tony,잘했어. 골목에서 만나. 난 피자 한 조각 빨리 먹고 올게.
Tony,"오, 우린 망쳤어."
Tony,캡?
Tony,"미안해, 친구. 우리에게... 문제가 생겼어."
Tony,"있잖아? 날 좀 봐줘, 스티브. 방금 헐크한테 머리를 맞았다고."
Tony,"넌 말을 반복하고 있어, 알아? 넌 말을 반복하고 있어."
Tony,"야, 제발."
Tony,난 실수했어.
Tony,그게 내가 한 일이야?
Tony,"알았어. 다른 방법이 있어. 테서랙트를 다시 가져오고 새로운 입자를 얻을 수 있어. 우리는 추억의 길을 걸을 거야. 군사 시설, 가든 스테이트."
Tony,그들이 거기 있었어... 난 대충 정확한 아이디어가 있어.
Tony,난 그들이 거기 있었다는 걸 확실히 알아...
Tony,그리고 내가 어떻게 아는지도 알아.
Tony,"글쎄, 우리가 즉흥적으로 해야 할 것 같네."
Tony,"스콧, 이걸 기지로 가져가."
Tony,슈트 입어.
Tony,"0-4,"
Tony,"음, 0-7."
Tony,1-9-7-0.
Tony,"격려 고마워, 꼬마야. 날 믿어?"
Tony,네 선택이야.
Tony,"분명히, 넌 실제로 여기서 태어나지 않았지, 그렇지?"
Tony,"맞아. 음, 네가 준파시스트적 정보 기관을 운영하는 쉴드라고 상상해봐. 어디에 숨길 거 같아?"
Tony,"임무에 행운을 빕니다, 대위님."
Tony,잡았다. 다시 게임에 돌아왔군.
Tony,"오, 그래."
Tony,"그래, 아니, 졸... 박사님. 아니요, 아무도 못 봤습니다. 실례합니다."
Tony,"아니요, 선생님. 저는... MIT에서 온 방문자입니다."
Tony,음... 하워드.
Tony,하워드... 포츠요.
Tony,안녕하세요.
Tony,네...
Tony,"괜찮습니다. 그저, 오래 일했을 뿐이에요."
Tony,네. 그거 좋겠네요.
Tony,알겠습니다.
Tony,"그래서, 꽃과 사우어크라우트. 오늘 밤에 중요한 데이트라도 있나요?"
Tony,축하드립니다.
Tony,"네, 물론이죠. 몇 개월 차예요?"
Tony,저는 딸이 있어요.
Tony,그게 뭐가 그렇게 끔찍할까요?
Tony,이름은 어디까지 생각해 보셨어요?
Tony,"흠, 그걸 좀 더 고민해 보는 게 좋겠어요. 시간은 충분하시니까."
Tony,엄청나게요. 네.
Tony,말 그대로 가면서 조각조각 맞춰갔어요. 아버지가 하신 일을 생각해보고...
Tony,"아버지가 나한테 엄격하셨다고 생각했는데. 지금 돌이켜보면, 좋은 것들만 기억나더라고요. 그가 가끔 진주 같은 말씀을 하셨죠."
Tony,어떤 돈으로도 시간을 살 수는 없다.'
Tony,그는 최선을 다하셨어요.
Tony,"그래요, 하워드... 모든 게 잘 될 거예요. 이 나라를 위해 하신 모든 일에... 감사드립니다."
Tony,그녀에게 가족이 있는지 알아?
Tony,난 그저 그에게 질문을 했을 뿐이야...
Tony,그건 그런 게 아니야...
Tony,그래.
Tony,"준비 됐어, 그렇지?"
Tony,"기억해... 5년 전 타노스가 없앤 모든 사람들을 지금, 오늘로 데려오는 거야. 지난 5년 동안의 어떤 것도 바꾸지 마."
Tony,"프라이데이, 부탁인데 반 도어 프로토콜을 활성화해줘. 그래 줄래?"
Tony,"말해봐, 배너."
Tony,그를 움직이지 마.
Tony,"어서, 친구야. 일어나. 그래, 내 사람이야. 이걸 또 잃어버리면, 내가 가질 거야."
Tony,넌 시간을 가지고 장난쳤어. 시간도 너한테 장난칠 거야. 두고 봐.
Tony,그가 뭘 하고 있었지?
Tony,이 모든 것 아래 어딘가에. 내가 아는 건 그가 그것들을 갖고 있지 않다는 거야.
Tony,그래. 그리고 난 별로 신경 안 써.
Tony,맞아. 우리 모두 고집불통이지.
Tony,"좋아, 토르. 날 때려봐."
Tony,그것들을 되찾을 방법이 없어. 타노스가 양자 터널을 파괴했어.
Tony,"스콧, 그걸 작동시키는 데 얼마나 걸려?"
Tony,이봐. 1400만 번 중 한 번 우리가 이긴다고 했지? 이게 그거라고 말해줘.
Tony,네 말이 맞아야 할 거야.
Tony,"프라이데이, 저들이 뭘 향해 발사하고 있는 거지?"
Tony,그리고 나는... 아이언맨이다.
Tony,"안녕, 페퍼..."
Tony,"식은 죽 먹기지, 퀼."
Tony,그가 제압됐어? 계속 유지해.
Tony,"파커, 도와줘! 이리 와. 그녀가 더 이상 버티지 못해. 어서. 그의 손가락을 벌려서 빼내야 해!"
Tony,"좋아, 퀼, 지금 당장 진정해야 해, 알겠어?"
Tony,"하지 마, 하지 마, 개입하지 마, 우리가 거의 빼냈어!"
Tony,"이봐, 멈춰! 이봐, 멈추라고! 멈춰! 이봐, 멈춰! 멈추라고!"
